{"type": "FeatureCollection", "features": [{"type": "Feature", "geometry": {"type": "Point", "coordinates": [19.9590931, 50.065149]}, "properties": {"osm_id": "node/1892992067", "tags": {"amenity": "waste_basket", "check_date": "2021-03-14"}}}, {"type": "Feature", "geometry": {"type": "Point", "coordinates": [19.9670439, 50.0603303]}, "properties": {"osm_id": "node/1910796962", "tags": {"amenity": "waste_basket", "check_date": "2021-05-18"}}}, {"type": "Feature", "geometry": {"type": "Point", "coordinates": [19.9353185, 50.0659834]}, "properties": {"osm_id": "node/3126020690", "tags": {"amenity": "waste_basket", "covered": "yes", "material": "metal", "support": "post"}}}, {"type": "Feature", "geometry": {"type": "Point", "coordinates": [19.9354722, 50.0659878]}, "properties": {"osm_id": "node/3126020695", "tags": {"amenity": "waste_basket", "covered": "yes", "material": "metal", "support": "post"}}}, {"type": "Feature", "geometry": {"type": "Point", "coordinates": [19.9354266, 50.0660778]}, "properties": {"osm_id": "node/3126020860", "tags": {"amenity": "waste_basket", "covered": "yes", "material": "metal", "support": "post"}}}, {"type": "Feature", "geometry": {"type": "Point", "coordinates": [19.9351871, 50.0660283]}, "properties": {"osm_id": "node/3126022405", "tags": {"amenity": "waste_basket", "covered": "yes", "material": "metal", "support": "post"}}}, {"type": "Feature", "geometry": {"type": "Point", "coordinates": [19.9356694, 50.066041]}, "properties": {"osm_id": "node/3126022484", "tags": {"amenity": "waste_basket", "covered": "yes", "material": "metal", "support": "post"}}}, {"type": "Feature", "geometry": {"type": "Point", "coordinates": [19.9665623, 50.0654143]}, "properties": {"osm_id": "node/3144173055", "tags": {"amenity": "waste_basket"}}}, {"type": "Feature", "geometry": {"type": "Point", "coordinates": [19.9483804, 50.0454747]}, "properties": {"osm_id": "node/4279281989", "tags": {"amenity": "waste_basket"}}}, {"type": "Feature", "geometry": {"type": "Point", "coordinates": [19.9296697, 50.0578482]}, "properties": {"osm_id": "node/4295918567", "tags": {"amenity": "waste_basket", "check_date": "2026-09-27"}}}, {"type": "Feature", "geometry": {"type": "Point", "coordinates": [19.9364635, 50.0500924]}, "properties": {"osm_id": "node/4311661184", "tags": {"amenity": "waste_basket"}}}, {"type": "Feature", "geometry": {"type": "Point", "coordinates": [19.9338609, 50.0673484]}, "properties": {"osm_id": "node/4374586692", "tags": {"amenity": "waste_basket"}}}, {"type": "Feature", "geometry": {"type": "Point", "coordinates": [19.9298677, 50.0598664]}, "properties": {"osm_id": "node/4374603890", "tags": {"amenity": "waste_basket"}}}, {"type": "Feature", "geometry": {"type": "Point", "coordinates": [19.9250053, 50.0594725]}, "properties": {"osm_id": "node/4374613790", "tags": {"amenity": "waste_basket", "check_date": "2021-03-13"}}}, {"type": "Feature", "geometry": {"type": "Point", "coordinates": [19.9299055, 50.0669661]}, "properties": {"osm_id": "node/4374614689", "tags": {"amenity": "waste_basket"}}}, {"type": "Feature", "geometry": {"type": "Point", "coordinates": [19.9666236, 50.0653017]}, "properties": {"osm_id": "node/4442380584", "tags": {"amenity": "waste_basket"}}}, {"type": "Feature", "geometry": {"type": "Point", "coordinates": [19.9359017, 50.0514234]}, "properties": {"osm_id": "node/4976277821", "tags": {"amenity": "waste_basket", "check_date": "2024-10-15"}}}, {"type": "Feature", "geometry": {"type": "Point", "coordinates": [19.9376035, 50.0568905]}, "properties": {"osm_id": "node/4991239050", "tags": {"amenity": "waste_basket", "check_date": "2020-12-30"}}}, {"type": "Feature", "geometry": {"type": "Point", "coordinates": [19.9660687, 50.0627851]}, "properties": {"osm_id": "node/5787302807", "tags": {"amenity": "waste_basket", "check_date": "2026-08-05", "waste": "trash"}}}, {"type": "Feature", "geometry": {"type": "Point", "coordinates": [19.9661167, 50.0629871]}, "properties": {"osm_id": "node/5787302808", "tags": {"amenity": "waste_basket", "check_date": "2026-08-05", "waste": "trash"}}}, {"type": "Feature", "geometry": {"type": "Point", "coordinates": [19.9668068, 50.0610703]}, "properties": {"osm_id": "node/5787316704", "tags": {"amenity": "waste_basket", "waste": "trash"}}}, {"type": "Feature", "geometry": {"type": "Point", "coordinates": [19.9666655, 50.06149]}, "properties": {"osm_id": "node/5787316706", "tags": {"amenity": "waste_basket", "waste": "trash"}}}, {"type": "Feature", "geometry": {"type": "Point", "coordinates": [19.9667594, 50.0620991]}, "properties": {"osm_id": "node/5787316708", "tags": {"amenity": "waste_basket", "waste": "trash"}}}, {"type": "Feature", "geometry": {"type": "Point", "coordinates": [19.9671797, 50.0605964]}, "properties": {"osm_id": "node/5787321916", "tags": {"amenity": "waste_basket", "check_date": "2026-04-20", "waste": "trash"}}}, {"type": "Feature", "geometry": {"type": "Point", "coordinates": [19.9693732, 50.0608116]}, "properties": {"osm_id": "node/5787325588", "tags": {"amenity": "waste_basket", "waste": "trash"}}}, {"type": "Feature", "geometry": {"type": "Point", "coordinates": [19.9707432, 50.0606537]}, "properties": {"osm_id": "node/5787327940", "tags": {"amenity": "waste_basket", "check_date": "2021-05-24", "waste": "trash"}}}, {"type": "Feature", "geometry": {"type": "Point", "coordinates": [19.9725639, 50.0602375]}, "properties": {"osm_id": "node/5787333804", "tags": {"amenity": "waste_basket", "check_date": "2021-05-24", "waste": "trash"}}}, {"type": "Feature", "geometry": {"type": "Point", "coordinates": [19.9640143, 50.0663153]}, "properties": {"osm_id": "node/5789485291", "tags": {"amenity": "waste_basket"}}}, {"type": "Feature", "geometry": {"type": "Point", "coordinates": [19.9602513, 50.0569506]}, "properties": {"osm_id": "node/5794171954", "tags": {"amenity": "waste_basket"}}}, {"type": "Feature", "geometry": {"type": "Point", "coordinates": [19.9624936, 50.0566753]}, "properties": {"osm_id": "node/5794171957", "tags": {"amenity": "waste_basket", "check_date": "2024-07-31", "waste": "trash"}}}, {"type": "Feature", "geometry": {"type": "Point", "coordinates": [19.963975, 50.0571194]}, "properties": {"osm_id": "node/5794171963", "tags": {"amenity": "waste_basket", "check_date": "2024-07-31", "waste": "trash"}}}, {"type": "Feature", "geometry": {"type": "Point", "coordinates": [19.9657209, 50.0542635]}, "properties": {"osm_id": "node/5794174425", "tags": {"amenity": "waste_basket", "waste": "trash"}}}, {"type": "Feature", "geometry": {"type": "Point", "coordinates": [19.9684946, 50.053311]}, "properties": {"osm_id": "node/5794188765", "tags": {"amenity": "waste_basket", "waste": "trash"}}}, {"type": "Feature", "geometry": {"type": "Point", "coordinates": [19.9693517, 50.0531681]}, "properties": {"osm_id": "node/5794188770", "tags": {"amenity": "waste_basket", "waste": "trash"}}}, {"type": "Feature", "geometry": {"type": "Point", "coordinates": [19.966955, 50.053528]}, "properties": {"osm_id": "node/5794188771", "tags": {"amenity": "waste_basket", "waste": "trash"}}}, {"type": "Feature", "geometry": {"type": "Point", "coordinates": [19.9678538, 50.0534137]}, "properties": {"osm_id": "node/5794188773", "tags": {"amenity": "waste_basket", "waste": "trash"}}}, {"type": "Feature", "geometry": {"type": "Point", "coordinates": [19.9707367, 50.0529463]}, "properties": {"osm_id": "node/5794188774", "tags": {"amenity": "waste_basket", "waste": "trash"}}}, {"type": "Feature", "geometry": {"type": "Point", "coordinates": [19.9715248, 50.0529569]}, "properties": {"osm_id": "node/5794188777", "tags": {"amenity": "waste_basket", "waste": "trash"}}}, {"type": "Feature", "geometry": {"type": "Point", "coordinates": [19.9727022, 50.0532767]}, "properties": {"osm_id": "node/5794188785", "tags": {"amenity": "waste_basket", "waste": "trash"}}}, {"type": "Feature", "geometry": {"type": "Point", "coordinates": [19.9731122, 50.0534911]}, "properties": {"osm_id": "node/5794188787", "tags": {"amenity": "waste_basket", "recycling_type": "container", "waste": "trash"}}}, {"type": "Feature", "geometry": {"type": "Point", "coordinates": [19.9560914, 50.0516783]}, "properties": {"osm_id": "node/5796502198", "tags": {"amenity": "waste_basket", "check_date": "2024-08-31", "waste": "trash"}}}, {"type": "Feature", "geometry": {"type": "Point", "coordinates": [19.9552568, 50.051482]}, "properties": {"osm_id": "node/5796502199", "tags": {"amenity": "waste_basket", "check_date": "2024-08-31", "waste": "trash"}}}, {"type": "Feature", "geometry": {"type": "Point", "coordinates": [19.9579984, 50.0523736]}, "properties": {"osm_id": "node/5796502200", "tags": {"amenity": "waste_basket", "check_date": "2024-08-31", "waste": "trash"}}}, {"type": "Feature", "geometry": {"type": "Point", "coordinates": [19.9564057, 50.0518141]}, "properties": {"osm_id": "node/5796502207", "tags": {"amenity": "waste_basket", "check_date": "2024-08-31", "waste": "trash"}}}, {"type": "Feature", "geometry": {"type": "Point", "coordinates": [19.9560466, 50.0515902]}, "properties": {"osm_id": "node/5796502208", "tags": {"amenity": "waste_basket", "check_date": "2024-08-31", "waste": "trash"}}}, {"type": "Feature", "geometry": {"type": "Point", "coordinates": [19.9576435, 50.0522966]}, "properties": {"osm_id": "node/5796502210", "tags": {"amenity": "waste_basket", "check_date": "2024-08-31", "waste": "trash"}}}, {"type": "Feature", "geometry": {"type": "Point", "coordinates": [19.9554752, 50.0514035]}, "properties": {"osm_id": "node/5796502211", "tags": {"amenity": "waste_basket", "check_date": "2024-10-20", "waste": "trash"}}}, {"type": "Feature", "geometry": {"type": "Point", "coordinates": [19.9596411, 50.0530103]}, "properties": {"osm_id": "node/5796517981", "tags": {"amenity": "waste_basket", "check_date": "2024-08-31", "waste": "trash"}}}, {"type": "Feature", "geometry": {"type": "Point", "coordinates": [19.9618918, 50.053411]}, "properties": {"osm_id": "node/5796517982", "tags": {"amenity": "waste_basket", "waste": "trash"}}}, {"type": "Feature", "geometry": {"type": "Point", "coordinates": [19.9587891, 50.0527116]}, "properties": {"osm_id": "node/5796517988", "tags": {"amenity": "waste_basket", "check_date": "2024-08-31", "waste": "trash"}}}, {"type": "Feature", "geometry": {"type": "Point", "coordinates": [19.9593537, 50.0529055]}, "properties": {"osm_id": "node/5796517991", "tags": {"amenity": "waste_basket", "check_date": "2024-08-31", "waste": "trash"}}}, {"type": "Feature", "geometry": {"type": "Point", "coordinates": [19.9634527, 50.0535729]}, "properties": {"osm_id": "node/5796517992", "tags": {"amenity": "waste_basket", "check_date": "2025-10-28", "waste": "trash"}}}, {"type": "Feature", "geometry": {"type": "Point", "coordinates": [19.9653121, 50.0535806]}, "properties": {"osm_id": "node/5796517994", "tags": {"amenity": "waste_basket", "check_date": "2026-08-14", "waste": "trash"}}}, {"type": "Feature", "geometry": {"type": "Point", "coordinates": [19.9642484, 50.0536006]}, "properties": {"osm_id": "node/5796517995", "tags": {"amenity": "waste_basket", "check_date": "2026-08-14", "waste": "trash"}}}, {"type": "Feature", "geometry": {"type": "Point", "coordinates": [19.9613225, 50.0534227]}, "properties": {"osm_id": "node/5796517996", "tags": {"amenity": "waste_basket", "waste": "trash"}}}, {"type": "Feature", "geometry": {"type": "Point", "coordinates": [19.959959, 50.0531069]}, "properties": {"osm_id": "node/5796518003", "tags": {"amenity": "waste_basket", "check_date": "2024-08-31", "waste": "trash"}}}, {"type": "Feature", "geometry": {"type": "Point", "coordinates": [19.962143, 50.0533968]}, "properties": {"osm_id": "node/5796518007", "tags": {"amenity": "waste_basket", "check_date": "2026-08-14", "waste": "trash"}}}, {"type": "Feature", "geometry": {"type": "Point", "coordinates": [19.9358403, 50.0645193]}, "properties": {"osm_id": "node/5839727068", "tags": {"amenity": "waste_basket", "check_date": "2025-05-18"}}}, {"type": "Feature", "geometry": {"type": "Point", "coordinates": [19.9657558, 50.0641421]}, "properties": {"osm_id": "node/6128032612", "tags": {"amenity": "waste_basket", "survey:date": "2022-04-22", "waste": "trash"}}}, {"type": "Feature", "geometry": {"type": "Point", "coordinates": [19.9483602, 50.0535508]}, "properties": {"osm_id": "node/6431854322", "tags": {"amenity": "waste_basket"}}}, {"type": "Feature", "geometry": {"type": "Point", "coordinates": [19.9548317, 50.0463516]}, "properties": {"osm_id": "node/6540804462", "tags": {"amenity": "waste_basket", "check_date": "2026-03-24"}}}, {"type": "Feature", "geometry": {"type": "Point", "coordinates": [19.9366306, 50.0613598]}, "properties": {"osm_id": "node/6581382360", "tags": {"amenity": "waste_basket", "check_date": "2023-03-29"}}}, {"type": "Feature", "geometry": {"type": "Point", "coordinates": [19.9599286, 50.0656678]}, "properties": {"osm_id": "node/6802747641", "tags": {"amenity": "waste_basket", "check_date": "2023-10-30", "waste": "trash"}}}, {"type": "Feature", "geometry": {"type": "Point", "coordinates": [19.9312787, 50.0680879]}, "properties": {"osm_id": "node/6844566506", "tags": {"amenity": "waste_basket", "waste": "trash"}}}, {"type": "Feature", "geometry": {"type": "Point", "coordinates": [19.930987, 50.0683827]}, "properties": {"osm_id": "node/6863530381", "tags": {"amenity": "waste_basket", "check_date": "2023-03-29", "waste": "trash"}}}, {"type": "Feature", "geometry": {"type": "Point", "coordinates": [19.9311033, 50.0680076]}, "properties": {"osm_id": "node/6863554586", "tags": {"amenity": "waste_basket", "waste": "trash"}}}, {"type": "Feature", "geometry": {"type": "Point", "coordinates": [19.9647323, 50.049943]}, "properties": {"osm_id": "node/6865824531", "tags": {"amenity": "waste_basket", "waste": "trash"}}}, {"type": "Feature", "geometry": {"type": "Point", "coordinates": [19.9600937, 50.065764]}, "properties": {"osm_id": "node/6877144403", "tags": {"amenity": "waste_basket", "check_date": "2023-10-30", "waste": "trash"}}}, {"type": "Feature", "geometry": {"type": "Point", "coordinates": [19.9596205, 50.0656205]}, "properties": {"osm_id": "node/6877144406", "tags": {"amenity": "waste_basket", "check_date": "2023-10-30", "waste": "trash"}}}, {"type": "Feature", "geometry": {"type": "Point", "coordinates": [19.9645808, 50.0507537]}, "properties": {"osm_id": "node/6887866607", "tags": {"amenity": "waste_basket", "colour": "blue", "waste": "trash"}}}, {"type": "Feature", "geometry": {"type": "Point", "coordinates": [19.9290334, 50.0666831]}, "properties": {"osm_id": "node/6905519384", "tags": {"amenity": "waste_basket", "waste": "trash"}}}, {"type": "Feature", "geometry": {"type": "Point", "coordinates": [19.9291374, 50.0666961]}, "properties": {"osm_id": "node/6905530387", "tags": {"amenity": "waste_basket", "check_date": "2026-03-26", "waste": "trash"}}}, {"type": "Feature", "geometry": {"type": "Point", "coordinates": [19.9290186, 50.0668054]}, "properties": {"osm_id": "node/6905530388", "tags": {"amenity": "waste_basket", "check_date": "2026-03-26", "waste": "trash"}}}, {"type": "Feature", "geometry": {"type": "Point", "coordinates": [19.930849, 50.0689908]}, "properties": {"osm_id": "node/6905543099", "tags": {"amenity": "waste_basket", "waste": "trash"}}}, {"type": "Feature", "geometry": {"type": "Point", "coordinates": [19.9293997, 50.0669582]}, "properties": {"osm_id": "node/6955640435", "tags": {"amenity": "waste_basket", "waste": "trash"}}}, {"type": "Feature", "geometry": {"type": "Point", "coordinates": [19.9551167, 50.0467074]}, "properties": {"osm_id": "node/6970808064", "tags": {"amenity": "waste_basket", "check_date": "2026-04-30", "ref": "1827/16", "waste": "trash"}}}, {"type": "Feature", "geometry": {"type": "Point", "coordinates": [19.9549419, 50.046685]}, "properties": {"osm_id": "node/6970816812", "tags": {"amenity": "waste_basket", "check_date": "2026-03-15", "waste": "trash"}}}, {"type": "Feature", "geometry": {"type": "Point", "coordinates": [19.9662236, 50.066696]}, "properties": {"osm_id": "node/7155052860", "tags": {"amenity": "waste_basket"}}}, {"type": "Feature", "geometry": {"type": "Point", "coordinates": [19.9495489, 50.0695745]}, "properties": {"osm_id": "node/7156862329", "tags": {"amenity": "waste_basket", "waste": "trash"}}}, {"type": "Feature", "geometry": {"type": "Point", "coordinates": [19.9494678, 50.0692875]}, "properties": {"osm_id": "node/7156862330", "tags": {"amenity": "waste_basket", "waste": "trash"}}}, {"type": "Feature", "geometry": {"type": "Point", "coordinates": [19.964259, 50.0496094]}, "properties": {"osm_id": "node/7640617275", "tags": {"amenity": "waste_basket"}}}, {"type": "Feature", "geometry": {"type": "Point", "coordinates": [19.9635744, 50.0473419]}, "properties": {"osm_id": "node/7640692028", "tags": {"amenity": "waste_basket"}}}, {"type": "Feature", "geometry": {"type": "Point", "coordinates": [19.9441418, 50.0497429]}, "properties": {"osm_id": "node/7703173905", "tags": {"amenity": "waste_basket"}}}, {"type": "Feature", "geometry": {"type": "Point", "coordinates": [19.9439249, 50.0497]}, "properties": {"osm_id": "node/7703173908", "tags": {"amenity": "waste_basket"}}}, {"type": "Feature", "geometry": {"type": "Point", "coordinates": [19.933046, 50.0589858]}, "properties": {"osm_id": "node/7963531416", "tags": {"amenity": "waste_basket", "waste": "trash"}}}, {"type": "Feature", "geometry": {"type": "Point", "coordinates": [19.9641912, 50.0631091]}, "properties": {"osm_id": "node/8118812659", "tags": {"amenity": "waste_basket"}}}, {"type": "Feature", "geometry": {"type": "Point", "coordinates": [19.9494974, 50.0697974]}, "properties": {"osm_id": "node/8357711786", "tags": {"amenity": "waste_basket", "waste": "trash"}}}, {"type": "Feature", "geometry": {"type": "Point", "coordinates": [19.9632503, 50.0588812]}, "properties": {"osm_id": "node/8718887415", "tags": {"amenity": "waste_basket", "waste": "trash"}}}, {"type": "Feature", "geometry": {"type": "Point", "coordinates": [19.9255231, 50.0503065]}, "properties": {"osm_id": "node/8775456813", "tags": {"amenity": "waste_basket"}}}, {"type": "Feature", "geometry": {"type": "Point", "coordinates": [19.9349843, 50.0503119]}, "properties": {"osm_id": "node/8896030618", "tags": {"amenity": "waste_basket", "waste": "trash"}}}, {"type": "Feature", "geometry": {"type": "Point", "coordinates": [19.9350191, 50.0506876]}, "properties": {"osm_id": "node/8896030619", "tags": {"amenity": "waste_basket", "waste": "trash"}}}, {"type": "Feature", "geometry": {"type": "Point", "coordinates": [19.9647378, 50.0514546]}, "properties": {"osm_id": "node/8904592270", "tags": {"amenity": "waste_basket", "colour": "blue", "material": "metal"}}}, {"type": "Feature", "geometry": {"type": "Point", "coordinates": [19.9648455, 50.0511044]}, "properties": {"osm_id": "node/8904592271", "tags": {"amenity": "waste_basket", "colour": "blue", "material": "metal"}}}, {"type": "Feature", "geometry": {"type": "Point", "coordinates": [19.9646411, 50.0509753]}, "properties": {"osm_id": "node/8904592310", "tags": {"amenity": "waste_basket", "colour": "blue", "material": "metal"}}}, {"type": "Feature", "geometry": {"type": "Point", "coordinates": [19.9646988, 50.0509723]}, "properties": {"osm_id": "node/8904592311", "tags": {"amenity": "waste_basket", "colour": "blue", "material": "metal"}}}, {"type": "Feature", "geometry": {"type": "Point", "coordinates": [19.9646918, 50.0504421]}, "properties": {"osm_id": "node/8904605935", "tags": {"amenity": "waste_basket", "colour": "blue", "material": "metal"}}}, {"type": "Feature", "geometry": {"type": "Point", "coordinates": [19.929825, 50.0450786]}, "properties": {"osm_id": "node/8919679018", "tags": {"amenity": "waste_basket", "survey:date": "2021-07-14"}}}, {"type": "Feature", "geometry": {"type": "Point", "coordinates": [19.9300304, 50.045504]}, "properties": {"osm_id": "node/8968564617", "tags": {"amenity": "waste_basket", "survey:date": "2021-07-31"}}}, {"type": "Feature", "geometry": {"type": "Point", "coordinates": [19.9326331, 50.0458246]}, "properties": {"osm_id": "node/8968678321", "tags": {"amenity": "waste_basket", "survey:date": "2021-07-31"}}}, {"type": "Feature", "geometry": {"type": "Point", "coordinates": [19.9327902, 50.045648]}, "properties": {"osm_id": "node/8968683317", "tags": {"amenity": "waste_basket", "survey:date": "2021-07-31"}}}, {"type": "Feature", "geometry": {"type": "Point", "coordinates": [19.9322411, 50.0456021]}, "properties": {"osm_id": "node/8968683419", "tags": {"amenity": "waste_basket", "survey:date": "2021-07-31"}}}, {"type": "Feature", "geometry": {"type": "Point", "coordinates": [19.9320342, 50.0451523]}, "properties": {"osm_id": "node/8974450822", "tags": {"amenity": "waste_basket", "survey:date": "2021-08-02"}}}, {"type": "Feature", "geometry": {"type": "Point", "coordinates": [19.9510299, 50.045055]}, "properties": {"osm_id": "node/8974889719", "tags": {"amenity": "waste_basket", "survey:date": "2021-08-02"}}}, {"type": "Feature", "geometry": {"type": "Point", "coordinates": [19.9542785, 50.0451941]}, "properties": {"osm_id": "node/8974889721", "tags": {"amenity": "waste_basket", "survey:date": "2021-08-02"}}}, {"type": "Feature", "geometry": {"type": "Point", "coordinates": [19.9575781, 50.0461526]}, "properties": {"osm_id": "node/8974889727", "tags": {"amenity": "waste_basket", "survey:date": "2021-08-02"}}}, {"type": "Feature", "geometry": {"type": "Point", "coordinates": [19.9577942, 50.0462161]}, "properties": {"osm_id": "node/8974889728", "tags": {"amenity": "waste_basket", "survey:date": "2021-08-02"}}}, {"type": "Feature", "geometry": {"type": "Point", "coordinates": [19.9576359, 50.0466598]}, "properties": {"osm_id": "node/8974889821", "tags": {"amenity": "waste_basket", "survey:date": "2021-08-02"}}}, {"type": "Feature", "geometry": {"type": "Point", "coordinates": [19.9575573, 50.0471942]}, "properties": {"osm_id": "node/8974889823", "tags": {"amenity": "waste_basket", "survey:date": "2021-08-02"}}}, {"type": "Feature", "geometry": {"type": "Point", "coordinates": [19.95525, 50.0454742]}, "properties": {"osm_id": "node/8974890117", "tags": {"amenity": "waste_basket", "survey:date": "2021-08-02"}}}, {"type": "Feature", "geometry": {"type": "Point", "coordinates": [19.9562467, 50.0458791]}, "properties": {"osm_id": "node/8974890217", "tags": {"amenity": "waste_basket", "survey:date": "2021-08-02"}}}, {"type": "Feature", "geometry": {"type": "Point", "coordinates": [19.9268958, 50.0513441]}, "properties": {"osm_id": "node/8998013717", "tags": {"amenity": "waste_basket", "survey:date": "2021-08-11"}}}, {"type": "Feature", "geometry": {"type": "Point", "coordinates": [19.9283196, 50.0454052]}, "properties": {"osm_id": "node/8998721721", "tags": {"amenity": "waste_basket", "survey:date": "2021-08-11"}}}, {"type": "Feature", "geometry": {"type": "Point", "coordinates": [19.9285448, 50.0454795]}, "properties": {"osm_id": "node/8998721722", "tags": {"amenity": "waste_basket", "survey:date": "2021-08-11"}}}, {"type": "Feature", "geometry": {"type": "Point", "coordinates": [19.9471138, 50.0455656]}, "properties": {"osm_id": "node/9033274817", "tags": {"amenity": "waste_basket", "survey:date": "2021-08-24"}}}, {"type": "Feature", "geometry": {"type": "Point", "coordinates": [19.9281603, 50.0456308]}, "properties": {"osm_id": "node/9077634317", "tags": {"amenity": "waste_basket", "survey:date": "2021-09-09"}}}, {"type": "Feature", "geometry": {"type": "Point", "coordinates": [19.9280093, 50.0457908]}, "properties": {"osm_id": "node/9077634417", "tags": {"amenity": "waste_basket", "survey:date": "2021-09-09"}}}, {"type": "Feature", "geometry": {"type": "Point", "coordinates": [19.9309843, 50.0468022]}, "properties": {"osm_id": "node/9120130117", "tags": {"amenity": "waste_basket", "survey:date": "2021-09-24"}}}, {"type": "Feature", "geometry": {"type": "Point", "coordinates": [19.9307373, 50.0476037]}, "properties": {"osm_id": "node/9120130118", "tags": {"amenity": "waste_basket", "survey:date": "2021-09-24"}}}, {"type": "Feature", "geometry": {"type": "Point", "coordinates": [19.9281033, 50.0613896]}, "properties": {"osm_id": "node/9139651833", "tags": {"amenity": "waste_basket", "waste": "trash"}}}, {"type": "Feature", "geometry": {"type": "Point", "coordinates": [19.9281112, 50.0611924]}, "properties": {"osm_id": "node/9139651838", "tags": {"amenity": "waste_basket", "waste": "trash"}}}, {"type": "Feature", "geometry": {"type": "Point", "coordinates": [19.9284836, 50.0611622]}, "properties": {"osm_id": "node/9139651839", "tags": {"amenity": "waste_basket", "waste": "trash"}}}, {"type": "Feature", "geometry": {"type": "Point", "coordinates": [19.92849, 50.061362]}, "properties": {"osm_id": "node/9139651843", "tags": {"amenity": "waste_basket", "waste": "trash"}}}, {"type": "Feature", "geometry": {"type": "Point", "coordinates": [19.928449, 50.0614692]}, "properties": {"osm_id": "node/9139651844", "tags": {"amenity": "waste_basket", "waste": "dog_excrement"}}}, {"type": "Feature", "geometry": {"type": "Point", "coordinates": [19.9524676, 50.0467916]}, "properties": {"osm_id": "node/9152995718", "tags": {"amenity": "waste_basket", "survey:date": "2021-10-06"}}}, {"type": "Feature", "geometry": {"type": "Point", "coordinates": [19.9528726, 50.0469384]}, "properties": {"osm_id": "node/9153000517", "tags": {"amenity": "waste_basket", "survey:date": "2021-10-06"}}}, {"type": "Feature", "geometry": {"type": "Point", "coordinates": [19.9360269, 50.0498579]}, "properties": {"osm_id": "node/9188697218", "tags": {"amenity": "waste_basket", "survey:date": "2021-10-21"}}}, {"type": "Feature", "geometry": {"type": "Point", "coordinates": [19.9356142, 50.0502143]}, "properties": {"osm_id": "node/9188697917", "tags": {"amenity": "waste_basket", "survey:date": "2021-10-21"}}}, {"type": "Feature", "geometry": {"type": "Point", "coordinates": [19.9502351, 50.0664396]}, "properties": {"osm_id": "node/9199279418", "tags": {"amenity": "waste_basket", "check_date": "2025-02-06"}}}, {"type": "Feature", "geometry": {"type": "Point", "coordinates": [19.9505218, 50.0662448]}, "properties": {"osm_id": "node/9199279419", "tags": {"amenity": "waste_basket", "check_date": "2025-02-20", "waste": "dog_excrement"}}}, {"type": "Feature", "geometry": {"type": "Point", "coordinates": [19.9506707, 50.0669678]}, "properties": {"osm_id": "node/9199279617", "tags": {"amenity": "waste_basket", "check_date": "2025-02-06"}}}, {"type": "Feature", "geometry": {"type": "Point", "coordinates": [19.9502684, 50.0662028]}, "properties": {"osm_id": "node/9199279718", "tags": {"amenity": "waste_basket", "check_date": "2025-02-06"}}}, {"type": "Feature", "geometry": {"type": "Point", "coordinates": [19.9505528, 50.0665606]}, "properties": {"osm_id": "node/9199279918", "tags": {"amenity": "waste_basket", "check_date": "2025-02-06"}}}, {"type": "Feature", "geometry": {"type": "Point", "coordinates": [19.9502525, 50.0656953]}, "properties": {"osm_id": "node/9199279921", "tags": {"amenity": "waste_basket", "check_date": "2025-02-20"}}}, {"type": "Feature", "geometry": {"type": "Point", "coordinates": [19.9502457, 50.0655522]}, "properties": {"osm_id": "node/9199280023", "tags": {"amenity": "waste_basket", "check_date": "2025-02-20"}}}, {"type": "Feature", "geometry": {"type": "Point", "coordinates": [19.9502924, 50.0663477]}, "properties": {"osm_id": "node/9199280218", "tags": {"amenity": "waste_basket", "check_date": "2025-02-06"}}}, {"type": "Feature", "geometry": {"type": "Point", "coordinates": [19.9503614, 50.0659657]}, "properties": {"osm_id": "node/9199280219", "tags": {"amenity": "waste_basket", "check_date": "2025-02-20"}}}, {"type": "Feature", "geometry": {"type": "Point", "coordinates": [19.9502198, 50.0654017]}, "properties": {"osm_id": "node/9199280220", "tags": {"amenity": "waste_basket", "check_date": "2025-02-20"}}}, {"type": "Feature", "geometry": {"type": "Point", "coordinates": [19.943954, 50.0526548]}, "properties": {"osm_id": "node/9240723817", "tags": {"amenity": "waste_basket", "survey:date": "2021-11-10"}}}, {"type": "Feature", "geometry": {"type": "Point", "coordinates": [19.9463786, 50.0532285]}, "properties": {"osm_id": "node/9240723918", "tags": {"amenity": "waste_basket", "survey:date": "2021-11-10"}}}, {"type": "Feature", "geometry": {"type": "Point", "coordinates": [19.9498511, 50.0561187]}, "properties": {"osm_id": "node/9240724018", "tags": {"amenity": "waste_basket", "survey:date": "2021-11-10"}}}, {"type": "Feature", "geometry": {"type": "Point", "coordinates": [19.9495338, 50.0568322]}, "properties": {"osm_id": "node/9240735118", "tags": {"amenity": "waste_basket", "survey:date": "2021-11-10"}}}, {"type": "Feature", "geometry": {"type": "Point", "coordinates": [19.9493261, 50.0575423]}, "properties": {"osm_id": "node/9240735317", "tags": {"amenity": "waste_basket", "survey:date": "2021-11-10"}}}, {"type": "Feature", "geometry": {"type": "Point", "coordinates": [19.9469545, 50.0549144]}, "properties": {"osm_id": "node/9243977517", "tags": {"amenity": "waste_basket"}}}, {"type": "Feature", "geometry": {"type": "Point", "coordinates": [19.9471246, 50.0549237]}, "properties": {"osm_id": "node/9243977717", "tags": {"amenity": "waste_basket"}}}, {"type": "Feature", "geometry": {"type": "Point", "coordinates": [19.9653336, 50.0573907]}, "properties": {"osm_id": "node/9680676218", "tags": {"amenity": "waste_basket", "survey:date": "2022-04-20"}}}, {"type": "Feature", "geometry": {"type": "Point", "coordinates": [19.9655109, 50.0572799]}, "properties": {"osm_id": "node/9680676318", "tags": {"amenity": "waste_basket", "survey:date": "2022-04-20"}}}, {"type": "Feature", "geometry": {"type": "Point", "coordinates": [19.9668485, 50.0577367]}, "properties": {"osm_id": "node/9680676518", "tags": {"amenity": "waste_basket", "survey:date": "2022-04-20"}}}, {"type": "Feature", "geometry": {"type": "Point", "coordinates": [19.966464, 50.0576836]}, "properties": {"osm_id": "node/9680676617", "tags": {"amenity": "waste_basket", "survey:date": "2022-04-20"}}}, {"type": "Feature", "geometry": {"type": "Point", "coordinates": [19.971798, 50.0587545]}, "properties": {"osm_id": "node/9680683321", "tags": {"amenity": "waste_basket", "survey:date": "2022-04-20", "waste": "trash"}}}, {"type": "Feature", "geometry": {"type": "Point", "coordinates": [19.9719318, 50.0587959]}, "properties": {"osm_id": "node/9680683322", "tags": {"amenity": "waste_basket", "survey:date": "2022-04-20", "waste": "trash"}}}, {"type": "Feature", "geometry": {"type": "Point", "coordinates": [19.9713855, 50.0588377]}, "properties": {"osm_id": "node/9680683519", "tags": {"amenity": "waste_basket", "survey:date": "2022-04-20"}}}, {"type": "Feature", "geometry": {"type": "Point", "coordinates": [19.9596548, 50.0551767]}, "properties": {"osm_id": "node/9685840417", "tags": {"amenity": "waste_basket", "survey:date": "2022-04-22"}}}, {"type": "Feature", "geometry": {"type": "Point", "coordinates": [19.9593951, 50.0560259]}, "properties": {"osm_id": "node/9685840617", "tags": {"amenity": "waste_basket", "survey:date": "2022-04-22"}}}, {"type": "Feature", "geometry": {"type": "Point", "coordinates": [19.9600753, 50.0576453]}, "properties": {"osm_id": "node/9685840818", "tags": {"amenity": "waste_basket", "check_date": "2025-07-15"}}}, {"type": "Feature", "geometry": {"type": "Point", "coordinates": [19.9592774, 50.0571592]}, "properties": {"osm_id": "node/9685841017", "tags": {"amenity": "waste_basket", "survey:date": "2022-04-22"}}}, {"type": "Feature", "geometry": {"type": "Point", "coordinates": [19.9598644, 50.0580851]}, "properties": {"osm_id": "node/9685841217", "tags": {"amenity": "waste_basket", "survey:date": "2022-04-22"}}}, {"type": "Feature", "geometry": {"type": "Point", "coordinates": [19.9617395, 50.0588231]}, "properties": {"osm_id": "node/9685848617", "tags": {"amenity": "waste_basket", "survey:date": "2022-04-22"}}}, {"type": "Feature", "geometry": {"type": "Point", "coordinates": [19.9630361, 50.0593274]}, "properties": {"osm_id": "node/9685849717", "tags": {"amenity": "waste_basket", "survey:date": "2022-04-22"}}}, {"type": "Feature", "geometry": {"type": "Point", "coordinates": [19.9644852, 50.0597291]}, "properties": {"osm_id": "node/9685859117", "tags": {"amenity": "waste_basket", "survey:date": "2022-04-22"}}}, {"type": "Feature", "geometry": {"type": "Point", "coordinates": [19.96489, 50.060763]}, "properties": {"osm_id": "node/9685859221", "tags": {"amenity": "waste_basket", "survey:date": "2022-04-22"}}}, {"type": "Feature", "geometry": {"type": "Point", "coordinates": [19.9658866, 50.0637439]}, "properties": {"osm_id": "node/9685866918", "tags": {"amenity": "waste_basket", "survey:date": "2022-04-22"}}}, {"type": "Feature", "geometry": {"type": "Point", "coordinates": [19.9669368, 50.0587062]}, "properties": {"osm_id": "node/9770422319", "tags": {"amenity": "waste_basket", "survey:date": "2022-05-25"}}}, {"type": "Feature", "geometry": {"type": "Point", "coordinates": [19.9704051, 50.0606511]}, "properties": {"osm_id": "node/9770422520", "tags": {"amenity": "waste_basket", "survey:date": "2022-05-25"}}}, {"type": "Feature", "geometry": {"type": "Point", "coordinates": [19.9669647, 50.0588115]}, "properties": {"osm_id": "node/9770422918", "tags": {"amenity": "waste_basket", "survey:date": "2022-05-25"}}}, {"type": "Feature", "geometry": {"type": "Point", "coordinates": [19.9685316, 50.0599435]}, "properties": {"osm_id": "node/9770423218", "tags": {"amenity": "waste_basket", "survey:date": "2022-05-25"}}}, {"type": "Feature", "geometry": {"type": "Point", "coordinates": [19.9286921, 50.0456411]}, "properties": {"osm_id": "node/9872712118", "tags": {"amenity": "waste_basket", "survey:date": "2022-07-07"}}}, {"type": "Feature", "geometry": {"type": "Point", "coordinates": [19.9735419, 50.0638789]}, "properties": {"osm_id": "node/9902107507", "tags": {"amenity": "waste_basket"}}}, {"type": "Feature", "geometry": {"type": "Point", "coordinates": [19.9284737, 50.0456793]}, "properties": {"osm_id": "node/10043747617", "tags": {"amenity": "waste_basket", "survey:date": "2022-09-20"}}}, {"type": "Feature", "geometry": {"type": "Point", "coordinates": [19.9286173, 50.0455887]}, "properties": {"osm_id": "node/10043747717", "tags": {"amenity": "waste_basket", "survey:date": "2022-09-20"}}}, {"type": "Feature", "geometry": {"type": "Point", "coordinates": [19.9354265, 50.063516]}, "properties": {"osm_id": "node/10052493591", "tags": {"amenity": "waste_basket"}}}, {"type": "Feature", "geometry": {"type": "Point", "coordinates": [19.9356018, 50.0635463]}, "properties": {"osm_id": "node/10052493592", "tags": {"amenity": "waste_basket"}}}, {"type": "Feature", "geometry": {"type": "Point", "coordinates": [19.9358887, 50.0637688]}, "properties": {"osm_id": "node/10052493596", "tags": {"amenity": "waste_basket"}}}, {"type": "Feature", "geometry": {"type": "Point", "coordinates": [19.935365, 50.0641063]}, "properties": {"osm_id": "node/10052493597", "tags": {"amenity": "waste_basket"}}}, {"type": "Feature", "geometry": {"type": "Point", "coordinates": [19.9358674, 50.0639756]}, "properties": {"osm_id": "node/10052493598", "tags": {"amenity": "waste_basket"}}}, {"type": "Feature", "geometry": {"type": "Point", "coordinates": [19.9353798, 50.0640017]}, "properties": {"osm_id": "node/10052493599", "tags": {"amenity": "waste_basket"}}}, {"type": "Feature", "geometry": {"type": "Point", "coordinates": [19.9351518, 50.06372]}, "properties": {"osm_id": "node/10052493600", "tags": {"amenity": "waste_basket"}}}, {"type": "Feature", "geometry": {"type": "Point", "coordinates": [19.9394993, 50.058267]}, "properties": {"osm_id": "node/10078612280", "tags": {"amenity": "waste_basket"}}}, {"type": "Feature", "geometry": {"type": "Point", "coordinates": [19.9563051, 50.0456825]}, "properties": {"osm_id": "node/10090036318", "tags": {"amenity": "waste_basket", "survey:date": "2022-10-10"}}}, {"type": "Feature", "geometry": {"type": "Point", "coordinates": [19.9468214, 50.0494024]}, "properties": {"osm_id": "node/10122727985", "tags": {"amenity": "waste_basket"}}}, {"type": "Feature", "geometry": {"type": "Point", "coordinates": [19.9544543, 50.0630484]}, "properties": {"osm_id": "node/10538267094", "tags": {"amenity": "waste_basket", "waste": "trash"}}}, {"type": "Feature", "geometry": {"type": "Point", "coordinates": [19.9543975, 50.0629265]}, "properties": {"osm_id": "node/10538267105", "tags": {"amenity": "waste_basket", "waste": "trash"}}}, {"type": "Feature", "geometry": {"type": "Point", "coordinates": [19.9543823, 50.0627736]}, "properties": {"osm_id": "node/10538267107", "tags": {"amenity": "waste_basket"}}}, {"type": "Feature", "geometry": {"type": "Point", "coordinates": [19.9547749, 50.0627221]}, "properties": {"osm_id": "node/10538301618", "tags": {"amenity": "waste_basket", "waste": "trash"}}}, {"type": "Feature", "geometry": {"type": "Point", "coordinates": [19.9734286, 50.0457233]}, "properties": {"osm_id": "node/10734828140", "tags": {"amenity": "waste_basket", "material": "wood"}}}, {"type": "Feature", "geometry": {"type": "Point", "coordinates": [19.9735229, 50.0457396]}, "properties": {"osm_id": "node/10734828141", "tags": {"amenity": "waste_basket", "material": "wood"}}}, {"type": "Feature", "geometry": {"type": "Point", "coordinates": [19.9506916, 50.0584061]}, "properties": {"osm_id": "node/10801844857", "tags": {"amenity": "waste_basket", "waste": "trash;cigarettes"}}}, {"type": "Feature", "geometry": {"type": "Point", "coordinates": [19.9505963, 50.0582663]}, "properties": {"osm_id": "node/10801844858", "tags": {"amenity": "waste_basket", "waste": "trash;cigarettes"}}}, {"type": "Feature", "geometry": {"type": "Point", "coordinates": [19.9600252, 50.050809]}, "properties": {"osm_id": "node/10853563564", "tags": {"amenity": "waste_basket"}}}, {"type": "Feature", "geometry": {"type": "Point", "coordinates": [19.9600344, 50.0507178]}, "properties": {"osm_id": "node/10853563572", "tags": {"amenity": "waste_basket"}}}, {"type": "Feature", "geometry": {"type": "Point", "coordinates": [19.9383681, 50.0509328]}, "properties": {"osm_id": "node/11030413208", "tags": {"amenity": "waste_basket"}}}, {"type": "Feature", "geometry": {"type": "Point", "coordinates": [19.9679313, 50.0653765]}, "properties": {"osm_id": "node/11194877300", "tags": {"amenity": "waste_basket"}}}, {"type": "Feature", "geometry": {"type": "Point", "coordinates": [19.9681063, 50.0653448]}, "properties": {"osm_id": "node/11194877305", "tags": {"amenity": "waste_basket"}}}, {"type": "Feature", "geometry": {"type": "Point", "coordinates": [19.9682135, 50.0653056]}, "properties": {"osm_id": "node/11194877306", "tags": {"amenity": "waste_basket"}}}, {"type": "Feature", "geometry": {"type": "Point", "coordinates": [19.9683742, 50.0651478]}, "properties": {"osm_id": "node/11194877307", "tags": {"amenity": "waste_basket"}}}, {"type": "Feature", "geometry": {"type": "Point", "coordinates": [19.9676569, 50.0651978]}, "properties": {"osm_id": "node/11203797276", "tags": {"amenity": "waste_basket"}}}, {"type": "Feature", "geometry": {"type": "Point", "coordinates": [19.9676554, 50.0652192]}, "properties": {"osm_id": "node/11203797277", "tags": {"amenity": "waste_basket"}}}, {"type": "Feature", "geometry": {"type": "Point", "coordinates": [19.9676064, 50.0652992]}, "properties": {"osm_id": "node/11203797278", "tags": {"amenity": "waste_basket"}}}, {"type": "Feature", "geometry": {"type": "Point", "coordinates": [19.9677863, 50.0655077]}, "properties": {"osm_id": "node/11203797279", "tags": {"amenity": "waste_basket"}}}, {"type": "Feature", "geometry": {"type": "Point", "coordinates": [19.9677306, 50.0654354]}, "properties": {"osm_id": "node/11203797280", "tags": {"amenity": "waste_basket"}}}, {"type": "Feature", "geometry": {"type": "Point", "coordinates": [19.9676717, 50.0653804]}, "properties": {"osm_id": "node/11203797281", "tags": {"amenity": "waste_basket"}}}, {"type": "Feature", "geometry": {"type": "Point", "coordinates": [19.9577664, 50.05684]}, "properties": {"osm_id": "node/11254036093", "tags": {"amenity": "waste_basket"}}}, {"type": "Feature", "geometry": {"type": "Point", "coordinates": [19.9573226, 50.0564162]}, "properties": {"osm_id": "node/11254036094", "tags": {"amenity": "waste_basket"}}}, {"type": "Feature", "geometry": {"type": "Point", "coordinates": [19.9574677, 50.0565879]}, "properties": {"osm_id": "node/11254036095", "tags": {"amenity": "waste_basket"}}}, {"type": "Feature", "geometry": {"type": "Point", "coordinates": [19.9570107, 50.0565039]}, "properties": {"osm_id": "node/11254036096", "tags": {"amenity": "waste_basket"}}}, {"type": "Feature", "geometry": {"type": "Point", "coordinates": [19.9668768, 50.0653786]}, "properties": {"osm_id": "node/11265818458", "tags": {"amenity": "waste_basket"}}}, {"type": "Feature", "geometry": {"type": "Point", "coordinates": [19.9668494, 50.0650317]}, "properties": {"osm_id": "node/11265818463", "tags": {"amenity": "waste_basket"}}}, {"type": "Feature", "geometry": {"type": "Point", "coordinates": [19.9671062, 50.0649308]}, "properties": {"osm_id": "node/11265818467", "tags": {"amenity": "waste_basket"}}}, {"type": "Feature", "geometry": {"type": "Point", "coordinates": [19.9672916, 50.0651034]}, "properties": {"osm_id": "node/11265823170", "tags": {"amenity": "waste_basket"}}}, {"type": "Feature", "geometry": {"type": "Point", "coordinates": [19.9678305, 50.0643902]}, "properties": {"osm_id": "node/11265823179", "tags": {"amenity": "waste_basket"}}}, {"type": "Feature", "geometry": {"type": "Point", "coordinates": [19.9680909, 50.0643558]}, "properties": {"osm_id": "node/11265823181", "tags": {"amenity": "waste_basket"}}}, {"type": "Feature", "geometry": {"type": "Point", "coordinates": [19.9615408, 50.0642724]}, "properties": {"osm_id": "node/11293296010", "tags": {"amenity": "waste_basket", "waste": "trash"}}}, {"type": "Feature", "geometry": {"type": "Point", "coordinates": [19.9615153, 50.0639408]}, "properties": {"osm_id": "node/11293296011", "tags": {"amenity": "waste_basket", "waste": "trash"}}}, {"type": "Feature", "geometry": {"type": "Point", "coordinates": [19.9686853, 50.0653183]}, "properties": {"osm_id": "node/11301333604", "tags": {"amenity": "waste_basket"}}}, {"type": "Feature", "geometry": {"type": "Point", "coordinates": [19.9625582, 50.0664878]}, "properties": {"osm_id": "node/11382519382", "tags": {"amenity": "waste_basket"}}}, {"type": "Feature", "geometry": {"type": "Point", "coordinates": [19.9620127, 50.0629711]}, "properties": {"osm_id": "node/11587216298", "tags": {"amenity": "waste_basket", "waste": "trash"}}}, {"type": "Feature", "geometry": {"type": "Point", "coordinates": [19.9616502, 50.063587]}, "properties": {"osm_id": "node/11587216299", "tags": {"amenity": "waste_basket", "waste": "trash"}}}, {"type": "Feature", "geometry": {"type": "Point", "coordinates": [19.961535, 50.0637962]}, "properties": {"osm_id": "node/11587216300", "tags": {"amenity": "waste_basket", "waste": "trash"}}}, {"type": "Feature", "geometry": {"type": "Point", "coordinates": [19.9619227, 50.0621054]}, "properties": {"osm_id": "node/11606366743", "tags": {"amenity": "waste_basket", "waste": "trash"}}}, {"type": "Feature", "geometry": {"type": "Point", "coordinates": [19.9619191, 50.0621366]}, "properties": {"osm_id": "node/11606366744", "tags": {"amenity": "waste_basket", "waste": "trash"}}}, {"type": "Feature", "geometry": {"type": "Point", "coordinates": [19.962196, 50.0614036]}, "properties": {"osm_id": "node/11606366745", "tags": {"amenity": "waste_basket", "waste": "trash"}}}, {"type": "Feature", "geometry": {"type": "Point", "coordinates": [19.9609892, 50.0621039]}, "properties": {"osm_id": "node/11606625067", "tags": {"amenity": "waste_basket", "waste": "trash"}}}, {"type": "Feature", "geometry": {"type": "Point", "coordinates": [19.9617757, 50.0624553]}, "properties": {"osm_id": "node/11606625068", "tags": {"amenity": "waste_basket", "waste": "trash"}}}, {"type": "Feature", "geometry": {"type": "Point", "coordinates": [19.9615543, 50.064844]}, "properties": {"osm_id": "node/11606782375", "tags": {"amenity": "waste_basket", "waste": "trash"}}}, {"type": "Feature", "geometry": {"type": "Point", "coordinates": [19.9615632, 50.0649507]}, "properties": {"osm_id": "node/11606782376", "tags": {"amenity": "waste_basket", "waste": "trash"}}}, {"type": "Feature", "geometry": {"type": "Point", "coordinates": [19.9615938, 50.0652473]}, "properties": {"osm_id": "node/11606782377", "tags": {"amenity": "waste_basket", "waste": "trash"}}}, {"type": "Feature", "geometry": {"type": "Point", "coordinates": [19.9614972, 50.0654617]}, "properties": {"osm_id": "node/11606782378", "tags": {"amenity": "waste_basket", "waste": "trash"}}}, {"type": "Feature", "geometry": {"type": "Point", "coordinates": [19.9599822, 50.0643448]}, "properties": {"osm_id": "node/11608641727", "tags": {"amenity": "waste_basket", "waste": "trash"}}}, {"type": "Feature", "geometry": {"type": "Point", "coordinates": [19.9606174, 50.0623236]}, "properties": {"osm_id": "node/11628092365", "tags": {"amenity": "waste_basket", "waste": "trash"}}}, {"type": "Feature", "geometry": {"type": "Point", "coordinates": [19.9609906, 50.0620666]}, "properties": {"osm_id": "node/11628120769", "tags": {"amenity": "waste_basket", "waste": "trash"}}}, {"type": "Feature", "geometry": {"type": "Point", "coordinates": [19.9617822, 50.0647652]}, "properties": {"osm_id": "node/11628120778", "tags": {"amenity": "waste_basket", "waste": "trash"}}}, {"type": "Feature", "geometry": {"type": "Point", "coordinates": [19.9616201, 50.0647435]}, "properties": {"osm_id": "node/11628120779", "tags": {"amenity": "waste_basket", "waste": "trash"}}}, {"type": "Feature", "geometry": {"type": "Point", "coordinates": [19.9549501, 50.0693242]}, "properties": {"osm_id": "node/11736469369", "tags": {"amenity": "waste_basket"}}}, {"type": "Feature", "geometry": {"type": "Point", "coordinates": [19.9682946, 50.0483785]}, "properties": {"osm_id": "node/11741642011", "tags": {"amenity": "waste_basket", "waste": "mixed"}}}, {"type": "Feature", "geometry": {"type": "Point", "coordinates": [19.9359696, 50.0533289]}, "properties": {"osm_id": "node/11747961875", "tags": {"amenity": "waste_basket"}}}, {"type": "Feature", "geometry": {"type": "Point", "coordinates": [19.9568198, 50.06198]}, "properties": {"osm_id": "node/11799568025", "tags": {"amenity": "waste_basket"}}}, {"type": "Feature", "geometry": {"type": "Point", "coordinates": [19.9576315, 50.0614454]}, "properties": {"osm_id": "node/11799589231", "tags": {"amenity": "waste_basket"}}}, {"type": "Feature", "geometry": {"type": "Point", "coordinates": [19.9576483, 50.0615803]}, "properties": {"osm_id": "node/11799603480", "tags": {"amenity": "waste_basket"}}}, {"type": "Feature", "geometry": {"type": "Point", "coordinates": [19.959715, 50.061789]}, "properties": {"osm_id": "node/11799621831", "tags": {"amenity": "waste_basket"}}}, {"type": "Feature", "geometry": {"type": "Point", "coordinates": [19.9585278, 50.0610095]}, "properties": {"osm_id": "node/11799625245", "tags": {"amenity": "waste_basket"}}}, {"type": "Feature", "geometry": {"type": "Point", "coordinates": [19.9588005, 50.0612983]}, "properties": {"osm_id": "node/11799628017", "tags": {"amenity": "waste_basket"}}}, {"type": "Feature", "geometry": {"type": "Point", "coordinates": [19.9593237, 50.0615106]}, "properties": {"osm_id": "node/11799637052", "tags": {"amenity": "waste_basket"}}}, {"type": "Feature", "geometry": {"type": "Point", "coordinates": [19.958457, 50.0610558]}, "properties": {"osm_id": "node/11799649674", "tags": {"amenity": "waste_basket"}}}, {"type": "Feature", "geometry": {"type": "Point", "coordinates": [19.9591359, 50.0617448]}, "properties": {"osm_id": "node/11799652385", "tags": {"amenity": "waste_basket"}}}, {"type": "Feature", "geometry": {"type": "Point", "coordinates": [19.9580438, 50.0628612]}, "properties": {"osm_id": "node/11799652407", "tags": {"amenity": "waste_basket"}}}, {"type": "Feature", "geometry": {"type": "Point", "coordinates": [19.95908, 50.0618053]}, "properties": {"osm_id": "node/11799672775", "tags": {"amenity": "waste_basket"}}}, {"type": "Feature", "geometry": {"type": "Point", "coordinates": [19.958662, 50.0624245]}, "properties": {"osm_id": "node/11799693129", "tags": {"amenity": "waste_basket"}}}, {"type": "Feature", "geometry": {"type": "Point", "coordinates": [19.9573408, 50.063507]}, "properties": {"osm_id": "node/11799709919", "tags": {"amenity": "waste_basket"}}}, {"type": "Feature", "geometry": {"type": "Point", "coordinates": [19.9572687, 50.0634753]}, "properties": {"osm_id": "node/11799711448", "tags": {"amenity": "waste_basket"}}}, {"type": "Feature", "geometry": {"type": "Point", "coordinates": [19.9368211, 50.0647639]}, "properties": {"osm_id": "node/11811228053", "tags": {"amenity": "waste_basket", "colour": "darkgreen", "material": "metal", "waste": "trash"}}}, {"type": "Feature", "geometry": {"type": "Point", "coordinates": [19.925008, 50.0678169]}, "properties": {"osm_id": "node/11913322620", "tags": {"amenity": "waste_basket"}}}, {"type": "Feature", "geometry": {"type": "Point", "coordinates": [19.9250589, 50.0678079]}, "properties": {"osm_id": "node/11913322621", "tags": {"amenity": "waste_basket"}}}, {"type": "Feature", "geometry": {"type": "Point", "coordinates": [19.9253763, 50.0688829]}, "properties": {"osm_id": "node/11913322637", "tags": {"amenity": "waste_basket"}}}, {"type": "Feature", "geometry": {"type": "Point", "coordinates": [19.9252642, 50.0686326]}, "properties": {"osm_id": "node/11913322643", "tags": {"amenity": "waste_basket"}}}, {"type": "Feature", "geometry": {"type": "Point", "coordinates": [19.9254812, 50.0691092]}, "properties": {"osm_id": "node/11913322665", "tags": {"amenity": "waste_basket"}}}, {"type": "Feature", "geometry": {"type": "Point", "coordinates": [19.9253034, 50.0695459]}, "properties": {"osm_id": "node/11913322697", "tags": {"amenity": "waste_basket"}}}, {"type": "Feature", "geometry": {"type": "Point", "coordinates": [19.9254102, 50.0697196]}, "properties": {"osm_id": "node/11913322698", "tags": {"amenity": "waste_basket"}}}, {"type": "Feature", "geometry": {"type": "Point", "coordinates": [19.9283077, 50.0650652]}, "properties": {"osm_id": "node/11963573441", "tags": {"amenity": "waste_basket"}}}, {"type": "Feature", "geometry": {"type": "Point", "coordinates": [19.9280811, 50.0650323]}, "properties": {"osm_id": "node/11963573443", "tags": {"amenity": "waste_basket"}}}, {"type": "Feature", "geometry": {"type": "Point", "coordinates": [19.9276858, 50.0649771]}, "properties": {"osm_id": "node/11963573444", "tags": {"amenity": "waste_basket"}}}, {"type": "Feature", "geometry": {"type": "Point", "coordinates": [19.9278726, 50.0650449]}, "properties": {"osm_id": "node/11963573445", "tags": {"amenity": "waste_basket"}}}, {"type": "Feature", "geometry": {"type": "Point", "coordinates": [19.9281981, 50.0651695]}, "properties": {"osm_id": "node/11963573489", "tags": {"amenity": "waste_basket"}}}, {"type": "Feature", "geometry": {"type": "Point", "coordinates": [19.9281354, 50.0652854]}, "properties": {"osm_id": "node/11963573490", "tags": {"amenity": "waste_basket"}}}, {"type": "Feature", "geometry": {"type": "Point", "coordinates": [19.9284526, 50.0652541]}, "properties": {"osm_id": "node/11963573491", "tags": {"amenity": "waste_basket"}}}, {"type": "Feature", "geometry": {"type": "Point", "coordinates": [19.9284355, 50.065349]}, "properties": {"osm_id": "node/11963573528", "tags": {"amenity": "waste_basket"}}}, {"type": "Feature", "geometry": {"type": "Point", "coordinates": [19.9291499, 50.0654498]}, "properties": {"osm_id": "node/11963573773", "tags": {"amenity": "waste_basket"}}}, {"type": "Feature", "geometry": {"type": "Point", "coordinates": [19.9296871, 50.0652595]}, "properties": {"osm_id": "node/11963573898", "tags": {"amenity": "waste_basket"}}}, {"type": "Feature", "geometry": {"type": "Point", "coordinates": [19.9301453, 50.0653256]}, "properties": {"osm_id": "node/11963573899", "tags": {"amenity": "waste_basket"}}}, {"type": "Feature", "geometry": {"type": "Point", "coordinates": [19.9302333, 50.0652843]}, "properties": {"osm_id": "node/11963574005", "tags": {"amenity": "waste_basket"}}}, {"type": "Feature", "geometry": {"type": "Point", "coordinates": [19.930171, 50.06545]}, "properties": {"osm_id": "node/11963574006", "tags": {"amenity": "waste_basket"}}}, {"type": "Feature", "geometry": {"type": "Point", "coordinates": [19.9299843, 50.0654338]}, "properties": {"osm_id": "node/11963574007", "tags": {"amenity": "waste_basket"}}}, {"type": "Feature", "geometry": {"type": "Point", "coordinates": [19.9451046, 50.052269]}, "properties": {"osm_id": "node/12061128958", "tags": {"amenity": "waste_basket"}}}, {"type": "Feature", "geometry": {"type": "Point", "coordinates": [19.946123, 50.0518758]}, "properties": {"osm_id": "node/12101065980", "tags": {"amenity": "waste_basket"}}}, {"type": "Feature", "geometry": {"type": "Point", "coordinates": [19.9431083, 50.0493871]}, "properties": {"osm_id": "node/12101877938", "tags": {"amenity": "waste_basket"}}}, {"type": "Feature", "geometry": {"type": "Point", "coordinates": [19.9669114, 50.0546647]}, "properties": {"osm_id": "node/12109871801", "tags": {"amenity": "waste_basket"}}}, {"type": "Feature", "geometry": {"type": "Point", "coordinates": [19.9705251, 50.0629344]}, "properties": {"osm_id": "node/12139506914", "tags": {"amenity": "waste_basket"}}}, {"type": "Feature", "geometry": {"type": "Point", "coordinates": [19.9704068, 50.0626763]}, "properties": {"osm_id": "node/12139506916", "tags": {"amenity": "waste_basket"}}}, {"type": "Feature", "geometry": {"type": "Point", "coordinates": [19.9705574, 50.0622358]}, "properties": {"osm_id": "node/12139506932", "tags": {"amenity": "waste_basket"}}}, {"type": "Feature", "geometry": {"type": "Point", "coordinates": [19.9709623, 50.0626597]}, "properties": {"osm_id": "node/12140026499", "tags": {"amenity": "waste_basket"}}}, {"type": "Feature", "geometry": {"type": "Point", "coordinates": [19.932073, 50.0493918]}, "properties": {"osm_id": "node/12140177869", "tags": {"amenity": "waste_basket"}}}, {"type": "Feature", "geometry": {"type": "Point", "coordinates": [19.9317022, 50.0492933]}, "properties": {"osm_id": "node/12140185998", "tags": {"amenity": "waste_basket"}}}, {"type": "Feature", "geometry": {"type": "Point", "coordinates": [19.9653554, 50.0674325]}, "properties": {"osm_id": "node/12162081093", "tags": {"amenity": "waste_basket"}}}, {"type": "Feature", "geometry": {"type": "Point", "coordinates": [19.9654506, 50.067015]}, "properties": {"osm_id": "node/12162081096", "tags": {"amenity": "waste_basket"}}}, {"type": "Feature", "geometry": {"type": "Point", "coordinates": [19.965518, 50.0675145]}, "properties": {"osm_id": "node/12162081098", "tags": {"amenity": "waste_basket"}}}, {"type": "Feature", "geometry": {"type": "Point", "coordinates": [19.964571, 50.0667172]}, "properties": {"osm_id": "node/12162081285", "tags": {"amenity": "waste_basket", "waste": "trash"}}}, {"type": "Feature", "geometry": {"type": "Point", "coordinates": [19.9447083, 50.0561175]}, "properties": {"osm_id": "node/12169557591", "tags": {"amenity": "waste_basket"}}}, {"type": "Feature", "geometry": {"type": "Point", "coordinates": [19.9446844, 50.0560231]}, "properties": {"osm_id": "node/12169557592", "tags": {"amenity": "waste_basket"}}}, {"type": "Feature", "geometry": {"type": "Point", "coordinates": [19.9678324, 50.0680874]}, "properties": {"osm_id": "node/12186242942", "tags": {"amenity": "waste_basket"}}}, {"type": "Feature", "geometry": {"type": "Point", "coordinates": [19.9606719, 50.06188]}, "properties": {"osm_id": "node/12251379193", "tags": {"amenity": "waste_basket", "waste": "trash"}}}, {"type": "Feature", "geometry": {"type": "Point", "coordinates": [19.9425517, 50.0674792]}, "properties": {"osm_id": "node/12265916707", "tags": {"amenity": "waste_basket"}}}, {"type": "Feature", "geometry": {"type": "Point", "coordinates": [19.9496893, 50.0686733]}, "properties": {"osm_id": "node/12270717875", "tags": {"amenity": "waste_basket", "waste": "trash"}}}, {"type": "Feature", "geometry": {"type": "Point", "coordinates": [19.9255881, 50.0678913]}, "properties": {"osm_id": "node/12278281136", "tags": {"amenity": "waste_basket", "material": "plastic", "support": "post"}}}, {"type": "Feature", "geometry": {"type": "Point", "coordinates": [19.9262694, 50.0690028]}, "properties": {"osm_id": "node/12278289627", "tags": {"amenity": "waste_basket", "covered": "yes", "material": "metal ; wood", "support": "post"}}}, {"type": "Feature", "geometry": {"type": "Point", "coordinates": [19.9499813, 50.0660437]}, "properties": {"osm_id": "node/12563674791", "tags": {"amenity": "waste_basket"}}}, {"type": "Feature", "geometry": {"type": "Point", "coordinates": [19.9499255, 50.0672776]}, "properties": {"osm_id": "node/12563740407", "tags": {"amenity": "waste_basket"}}}, {"type": "Feature", "geometry": {"type": "Point", "coordinates": [19.9499239, 50.0657542]}, "properties": {"osm_id": "node/12563742562", "tags": {"amenity": "waste_basket"}}}, {"type": "Feature", "geometry": {"type": "Point", "coordinates": [19.9498272, 50.0656465]}, "properties": {"osm_id": "node/12563749268", "tags": {"amenity": "waste_basket"}}}, {"type": "Feature", "geometry": {"type": "Point", "coordinates": [19.9499797, 50.0659638]}, "properties": {"osm_id": "node/12563759251", "tags": {"amenity": "waste_basket"}}}, {"type": "Feature", "geometry": {"type": "Point", "coordinates": [19.9498089, 50.065264]}, "properties": {"osm_id": "node/12563763872", "tags": {"amenity": "waste_basket"}}}, {"type": "Feature", "geometry": {"type": "Point", "coordinates": [19.9497488, 50.0654251]}, "properties": {"osm_id": "node/12563789485", "tags": {"amenity": "waste_basket"}}}, {"type": "Feature", "geometry": {"type": "Point", "coordinates": [19.9497495, 50.0654832]}, "properties": {"osm_id": "node/12563793224", "tags": {"amenity": "waste_basket"}}}, {"type": "Feature", "geometry": {"type": "Point", "coordinates": [19.9558377, 50.0451889]}, "properties": {"osm_id": "node/12572142289", "tags": {"amenity": "waste_basket"}}}, {"type": "Feature", "geometry": {"type": "Point", "coordinates": [19.9574846, 50.057332]}, "properties": {"osm_id": "node/12580164319", "tags": {"amenity": "waste_basket"}}}, {"type": "Feature", "geometry": {"type": "Point", "coordinates": [19.9274665, 50.0478897]}, "properties": {"osm_id": "node/12588141205", "tags": {"amenity": "waste_basket", "waste": "trash"}}}, {"type": "Feature", "geometry": {"type": "Point", "coordinates": [19.9387723, 50.0619292]}, "properties": {"osm_id": "node/12596610123", "tags": {"amenity": "waste_basket"}}}, {"type": "Feature", "geometry": {"type": "Point", "coordinates": [19.9393047, 50.0621323]}, "properties": {"osm_id": "node/12596610124", "tags": {"amenity": "waste_basket"}}}, {"type": "Feature", "geometry": {"type": "Point", "coordinates": [19.9388025, 50.062024]}, "properties": {"osm_id": "node/12596610128", "tags": {"amenity": "waste_basket"}}}, {"type": "Feature", "geometry": {"type": "Point", "coordinates": [19.9495588, 50.066469]}, "properties": {"osm_id": "node/12604418799", "tags": {"amenity": "waste_basket"}}}, {"type": "Feature", "geometry": {"type": "Point", "coordinates": [19.9501618, 50.0653383]}, "properties": {"osm_id": "node/12604420263", "tags": {"amenity": "waste_basket"}}}, {"type": "Feature", "geometry": {"type": "Point", "coordinates": [19.9515239, 50.0652148]}, "properties": {"osm_id": "node/12604459017", "tags": {"amenity": "waste_basket"}}}, {"type": "Feature", "geometry": {"type": "Point", "coordinates": [19.9491659, 50.0671812]}, "properties": {"osm_id": "node/12604464303", "tags": {"amenity": "waste_basket"}}}, {"type": "Feature", "geometry": {"type": "Point", "coordinates": [19.9632187, 50.0504328]}, "properties": {"osm_id": "node/12609834836", "tags": {"amenity": "waste_basket"}}}, {"type": "Feature", "geometry": {"type": "Point", "coordinates": [19.9586816, 50.0582828]}, "properties": {"osm_id": "node/12630541753", "tags": {"amenity": "waste_basket"}}}, {"type": "Feature", "geometry": {"type": "Point", "coordinates": [19.9360486, 50.0675844]}, "properties": {"osm_id": "node/12630774324", "tags": {"amenity": "waste_basket"}}}, {"type": "Feature", "geometry": {"type": "Point", "coordinates": [19.9413884, 50.0659233]}, "properties": {"osm_id": "node/12630808875", "tags": {"amenity": "waste_basket"}}}, {"type": "Feature", "geometry": {"type": "Point", "coordinates": [19.9552354, 50.046758]}, "properties": {"osm_id": "node/12744871921", "tags": {"amenity": "waste_basket"}}}, {"type": "Feature", "geometry": {"type": "Point", "coordinates": [19.9251189, 50.0680399]}, "properties": {"osm_id": "node/12833122991", "tags": {"amenity": "waste_basket"}}}, {"type": "Feature", "geometry": {"type": "Point", "coordinates": [19.9251348, 50.0679574]}, "properties": {"osm_id": "node/12833151054", "tags": {"amenity": "waste_basket"}}}, {"type": "Feature", "geometry": {"type": "Point", "coordinates": [19.925404, 50.0683413]}, "properties": {"osm_id": "node/12833154846", "tags": {"amenity": "waste_basket"}}}, {"type": "Feature", "geometry": {"type": "Point", "coordinates": [19.9251213, 50.0683208]}, "properties": {"osm_id": "node/12833164969", "tags": {"amenity": "waste_basket"}}}, {"type": "Feature", "geometry": {"type": "Point", "coordinates": [19.955384, 50.0675867]}, "properties": {"osm_id": "node/12847456730", "tags": {"amenity": "waste_basket"}}}, {"type": "Feature", "geometry": {"type": "Point", "coordinates": [19.9543461, 50.0677568]}, "properties": {"osm_id": "node/12847510600", "tags": {"amenity": "waste_basket"}}}, {"type": "Feature", "geometry": {"type": "Point", "coordinates": [19.9561575, 50.0674203]}, "properties": {"osm_id": "node/12847518753", "tags": {"amenity": "waste_basket"}}}, {"type": "Feature", "geometry": {"type": "Point", "coordinates": [19.9510241, 50.0671392]}, "properties": {"osm_id": "node/12882679880", "tags": {"amenity": "waste_basket"}}}, {"type": "Feature", "geometry": {"type": "Point", "coordinates": [19.9489098, 50.0671753]}, "properties": {"osm_id": "node/12911263304", "tags": {"amenity": "waste_basket"}}}, {"type": "Feature", "geometry": {"type": "Point", "coordinates": [19.9470955, 50.069456]}, "properties": {"osm_id": "node/12912455988", "tags": {"amenity": "waste_basket"}}}, {"type": "Feature", "geometry": {"type": "Point", "coordinates": [19.9470733, 50.0697957]}, "properties": {"osm_id": "node/12912471424", "tags": {"amenity": "waste_basket"}}}, {"type": "Feature", "geometry": {"type": "Point", "coordinates": [19.947099, 50.069369]}, "properties": {"osm_id": "node/12912478406", "tags": {"amenity": "waste_basket"}}}, {"type": "Feature", "geometry": {"type": "Point", "coordinates": [19.9470808, 50.0696002]}, "properties": {"osm_id": "node/12912485381", "tags": {"amenity": "waste_basket"}}}, {"type": "Feature", "geometry": {"type": "Point", "coordinates": [19.936094, 50.0535149]}, "properties": {"osm_id": "node/12979288483", "tags": {"amenity": "waste_basket"}}}, {"type": "Feature", "geometry": {"type": "Point", "coordinates": [19.9473175, 50.051282]}, "properties": {"osm_id": "node/13020429902", "tags": {"amenity": "waste_basket"}}}, {"type": "Feature", "geometry": {"type": "Point", "coordinates": [19.9398959, 50.0628739]}, "properties": {"osm_id": "node/13046110495", "tags": {"amenity": "waste_basket"}}}, {"type": "Feature", "geometry": {"type": "Point", "coordinates": [19.9404604, 50.0511732]}, "properties": {"osm_id": "node/13046157664", "tags": {"amenity": "waste_basket"}}}, {"type": "Feature", "geometry": {"type": "Point", "coordinates": [19.9438874, 50.0638355]}, "properties": {"osm_id": "node/13046163697", "tags": {"amenity": "waste_basket"}}}, {"type": "Feature", "geometry": {"type": "Point", "coordinates": [19.932849, 50.0631741]}, "properties": {"osm_id": "node/13046163709", "tags": {"amenity": "waste_basket"}}}, {"type": "Feature", "geometry": {"type": "Point", "coordinates": [19.9327413, 50.0632705]}, "properties": {"osm_id": "node/13046164343", "tags": {"amenity": "waste_basket"}}}, {"type": "Feature", "geometry": {"type": "Point", "coordinates": [19.9328987, 50.0624296]}, "properties": {"osm_id": "node/13046164344", "tags": {"amenity": "waste_basket"}}}, {"type": "Feature", "geometry": {"type": "Point", "coordinates": [19.9432306, 50.0483652]}, "properties": {"osm_id": "node/13046169055", "tags": {"amenity": "waste_basket"}}}, {"type": "Feature", "geometry": {"type": "Point", "coordinates": [19.9419984, 50.0600746]}, "properties": {"osm_id": "node/13046172572", "tags": {"amenity": "waste_basket", "material": "metal", "waste": "trash"}}}, {"type": "Feature", "geometry": {"type": "Point", "coordinates": [19.9423991, 50.0602428]}, "properties": {"osm_id": "node/13046176339", "tags": {"amenity": "waste_basket"}}}, {"type": "Feature", "geometry": {"type": "Point", "coordinates": [19.9388145, 50.0597435]}, "properties": {"osm_id": "node/13046180483", "tags": {"amenity": "waste_basket"}}}, {"type": "Feature", "geometry": {"type": "Point", "coordinates": [19.9324909, 50.0637918]}, "properties": {"osm_id": "node/13049860605", "tags": {"amenity": "waste_basket"}}}, {"type": "Feature", "geometry": {"type": "Point", "coordinates": [19.9327061, 50.0637767]}, "properties": {"osm_id": "node/13049890301", "tags": {"amenity": "waste_basket"}}}, {"type": "Feature", "geometry": {"type": "Point", "coordinates": [19.9380224, 50.0624884]}, "properties": {"osm_id": "node/13050478301", "tags": {"amenity": "waste_basket"}}}, {"type": "Feature", "geometry": {"type": "Point", "coordinates": [19.9359573, 50.0614146]}, "properties": {"osm_id": "node/13050478302", "tags": {"amenity": "waste_basket"}}}, {"type": "Feature", "geometry": {"type": "Point", "coordinates": [19.9381192, 50.0624334]}, "properties": {"osm_id": "node/13050478401", "tags": {"amenity": "waste_basket"}}}, {"type": "Feature", "geometry": {"type": "Point", "coordinates": [19.932668, 50.0622071]}, "properties": {"osm_id": "node/13050498501", "tags": {"amenity": "waste_basket"}}}, {"type": "Feature", "geometry": {"type": "Point", "coordinates": [19.9326739, 50.0621061]}, "properties": {"osm_id": "node/13050500001", "tags": {"amenity": "waste_basket"}}}, {"type": "Feature", "geometry": {"type": "Point", "coordinates": [19.9331315, 50.0625701]}, "properties": {"osm_id": "node/13050658201", "tags": {"amenity": "waste_basket"}}}, {"type": "Feature", "geometry": {"type": "Point", "coordinates": [19.9330508, 50.0624912]}, "properties": {"osm_id": "node/13050658301", "tags": {"amenity": "waste_basket"}}}, {"type": "Feature", "geometry": {"type": "Point", "coordinates": [19.9383327, 50.0547263]}, "properties": {"osm_id": "node/13051902501", "tags": {"amenity": "waste_basket"}}}, {"type": "Feature", "geometry": {"type": "Point", "coordinates": [19.9345318, 50.0594122]}, "properties": {"osm_id": "node/13052289601", "tags": {"amenity": "waste_basket"}}}, {"type": "Feature", "geometry": {"type": "Point", "coordinates": [19.9278839, 50.0634513]}, "properties": {"osm_id": "node/13052884103", "tags": {"amenity": "waste_basket"}}}, {"type": "Feature", "geometry": {"type": "Point", "coordinates": [19.9276822, 50.0616062]}, "properties": {"osm_id": "node/13052903201", "tags": {"amenity": "waste_basket"}}}, {"type": "Feature", "geometry": {"type": "Point", "coordinates": [19.9280494, 50.0635264]}, "properties": {"osm_id": "node/13053008001", "tags": {"amenity": "waste_basket"}}}, {"type": "Feature", "geometry": {"type": "Point", "coordinates": [19.9601101, 50.0576225]}, "properties": {"osm_id": "node/13063842268", "tags": {"amenity": "waste_basket"}}}, {"type": "Feature", "geometry": {"type": "Point", "coordinates": [19.944957, 50.0672989]}, "properties": {"osm_id": "node/13075671001", "tags": {"amenity": "waste_basket"}}}, {"type": "Feature", "geometry": {"type": "Point", "coordinates": [19.944967, 50.0672386]}, "properties": {"osm_id": "node/13075671101", "tags": {"amenity": "waste_basket"}}}, {"type": "Feature", "geometry": {"type": "Point", "coordinates": [19.944095, 50.0632934]}, "properties": {"osm_id": "node/13086486295", "tags": {"amenity": "waste_basket"}}}, {"type": "Feature", "geometry": {"type": "Point", "coordinates": [19.9441154, 50.0628918]}, "properties": {"osm_id": "node/13086495770", "tags": {"amenity": "waste_basket"}}}, {"type": "Feature", "geometry": {"type": "Point", "coordinates": [19.9442493, 50.0636339]}, "properties": {"osm_id": "node/13086505863", "tags": {"amenity": "waste_basket"}}}, {"type": "Feature", "geometry": {"type": "Point", "coordinates": [19.9437317, 50.064229]}, "properties": {"osm_id": "node/13086507954", "tags": {"amenity": "waste_basket"}}}, {"type": "Feature", "geometry": {"type": "Point", "coordinates": [19.9436231, 50.064165]}, "properties": {"osm_id": "node/13086507955", "tags": {"amenity": "waste_basket"}}}, {"type": "Feature", "geometry": {"type": "Point", "coordinates": [19.9434178, 50.0631903]}, "properties": {"osm_id": "node/13086510051", "tags": {"amenity": "waste_basket"}}}, {"type": "Feature", "geometry": {"type": "Point", "coordinates": [19.9440727, 50.0639552]}, "properties": {"osm_id": "node/13086513087", "tags": {"amenity": "waste_basket"}}}, {"type": "Feature", "geometry": {"type": "Point", "coordinates": [19.9437189, 50.0644706]}, "properties": {"osm_id": "node/13086513300", "tags": {"amenity": "waste_basket"}}}, {"type": "Feature", "geometry": {"type": "Point", "coordinates": [19.94455, 50.0627765]}, "properties": {"osm_id": "node/13086514556", "tags": {"amenity": "waste_basket"}}}, {"type": "Feature", "geometry": {"type": "Point", "coordinates": [19.9441676, 50.063198]}, "properties": {"osm_id": "node/13086515235", "tags": {"amenity": "waste_basket"}}}, {"type": "Feature", "geometry": {"type": "Point", "coordinates": [19.9438588, 50.0640614]}, "properties": {"osm_id": "node/13086518268", "tags": {"amenity": "waste_basket"}}}, {"type": "Feature", "geometry": {"type": "Point", "coordinates": [19.9436641, 50.0645801]}, "properties": {"osm_id": "node/13086518747", "tags": {"amenity": "waste_basket"}}}, {"type": "Feature", "geometry": {"type": "Point", "coordinates": [19.9434676, 50.0643558]}, "properties": {"osm_id": "node/13086518911", "tags": {"amenity": "waste_basket"}}}, {"type": "Feature", "geometry": {"type": "Point", "coordinates": [19.9441658, 50.0636891]}, "properties": {"osm_id": "node/13086519144", "tags": {"amenity": "waste_basket"}}}, {"type": "Feature", "geometry": {"type": "Point", "coordinates": [19.9443008, 50.063857]}, "properties": {"osm_id": "node/13086521174", "tags": {"amenity": "waste_basket"}}}, {"type": "Feature", "geometry": {"type": "Point", "coordinates": [19.9437851, 50.0639627]}, "properties": {"osm_id": "node/13086525590", "tags": {"amenity": "waste_basket"}}}, {"type": "Feature", "geometry": {"type": "Point", "coordinates": [19.9440364, 50.0636446]}, "properties": {"osm_id": "node/13086530150", "tags": {"amenity": "waste_basket"}}}, {"type": "Feature", "geometry": {"type": "Point", "coordinates": [19.9439388, 50.0633563]}, "properties": {"osm_id": "node/13086530411", "tags": {"amenity": "waste_basket"}}}, {"type": "Feature", "geometry": {"type": "Point", "coordinates": [19.9443698, 50.0625916]}, "properties": {"osm_id": "node/13086531521", "tags": {"amenity": "waste_basket"}}}, {"type": "Feature", "geometry": {"type": "Point", "coordinates": [19.9445793, 50.0629881]}, "properties": {"osm_id": "node/13086533802", "tags": {"amenity": "waste_basket"}}}, {"type": "Feature", "geometry": {"type": "Point", "coordinates": [19.9430829, 50.0520627]}, "properties": {"osm_id": "node/13135751693", "tags": {"amenity": "waste_basket"}}}, {"type": "Feature", "geometry": {"type": "Point", "coordinates": [19.9345379, 50.0557532]}, "properties": {"osm_id": "node/13164653159", "tags": {"amenity": "waste_basket"}}}, {"type": "Feature", "geometry": {"type": "Point", "coordinates": [19.9342064, 50.0564148]}, "properties": {"osm_id": "node/13164653160", "tags": {"amenity": "waste_basket"}}}, {"type": "Feature", "geometry": {"type": "Point", "coordinates": [19.9337797, 50.0573751]}, "properties": {"osm_id": "node/13164653167", "tags": {"amenity": "waste_basket"}}}, {"type": "Feature", "geometry": {"type": "Point", "coordinates": [19.9365369, 50.0654487]}, "properties": {"osm_id": "node/13164682180", "tags": {"amenity": "waste_basket"}}}, {"type": "Feature", "geometry": {"type": "Point", "coordinates": [19.9401568, 50.0654208]}, "properties": {"osm_id": "node/13164682185", "tags": {"amenity": "waste_basket"}}}, {"type": "Feature", "geometry": {"type": "Point", "coordinates": [19.9406914, 50.065452]}, "properties": {"osm_id": "node/13164682190", "tags": {"amenity": "waste_basket"}}}, {"type": "Feature", "geometry": {"type": "Point", "coordinates": [19.9416937, 50.0650265]}, "properties": {"osm_id": "node/13164682193", "tags": {"amenity": "waste_basket"}}}, {"type": "Feature", "geometry": {"type": "Point", "coordinates": [19.9425302, 50.0647976]}, "properties": {"osm_id": "node/13164682196", "tags": {"amenity": "waste_basket"}}}, {"type": "Feature", "geometry": {"type": "Point", "coordinates": [19.9463661, 50.0651673]}, "properties": {"osm_id": "node/13164689945", "tags": {"amenity": "waste_basket"}}}, {"type": "Feature", "geometry": {"type": "Point", "coordinates": [19.9463213, 50.065306]}, "properties": {"osm_id": "node/13164689946", "tags": {"amenity": "waste_basket"}}}, {"type": "Feature", "geometry": {"type": "Point", "coordinates": [19.9462807, 50.0654221]}, "properties": {"osm_id": "node/13164689947", "tags": {"amenity": "waste_basket"}}}, {"type": "Feature", "geometry": {"type": "Point", "coordinates": [19.9464955, 50.0654381]}, "properties": {"osm_id": "node/13164689948", "tags": {"amenity": "waste_basket"}}}, {"type": "Feature", "geometry": {"type": "Point", "coordinates": [19.9465029, 50.0655356]}, "properties": {"osm_id": "node/13164689949", "tags": {"amenity": "waste_basket"}}}, {"type": "Feature", "geometry": {"type": "Point", "coordinates": [19.946489, 50.0655939]}, "properties": {"osm_id": "node/13164689950", "tags": {"amenity": "waste_basket"}}}, {"type": "Feature", "geometry": {"type": "Point", "coordinates": [19.9466217, 50.0659432]}, "properties": {"osm_id": "node/13164689951", "tags": {"amenity": "waste_basket"}}}, {"type": "Feature", "geometry": {"type": "Point", "coordinates": [19.9467454, 50.065739]}, "properties": {"osm_id": "node/13164689952", "tags": {"amenity": "waste_basket"}}}, {"type": "Feature", "geometry": {"type": "Point", "coordinates": [19.9467677, 50.0655255]}, "properties": {"osm_id": "node/13164689953", "tags": {"amenity": "waste_basket"}}}, {"type": "Feature", "geometry": {"type": "Point", "coordinates": [19.9467636, 50.0654231]}, "properties": {"osm_id": "node/13164689954", "tags": {"amenity": "waste_basket"}}}, {"type": "Feature", "geometry": {"type": "Point", "coordinates": [19.9468013, 50.0651497]}, "properties": {"osm_id": "node/13164689955", "tags": {"amenity": "waste_basket"}}}, {"type": "Feature", "geometry": {"type": "Point", "coordinates": [19.9467828, 50.0651336]}, "properties": {"osm_id": "node/13164689956", "tags": {"amenity": "waste_basket"}}}, {"type": "Feature", "geometry": {"type": "Point", "coordinates": [19.9464259, 50.0648396]}, "properties": {"osm_id": "node/13164689957", "tags": {"amenity": "waste_basket"}}}, {"type": "Feature", "geometry": {"type": "Point", "coordinates": [19.9466688, 50.0648088]}, "properties": {"osm_id": "node/13164689961", "tags": {"amenity": "waste_basket"}}}, {"type": "Feature", "geometry": {"type": "Point", "coordinates": [19.9467527, 50.0655991]}, "properties": {"osm_id": "node/13164689970", "tags": {"amenity": "waste_basket"}}}, {"type": "Feature", "geometry": {"type": "Point", "coordinates": [19.9467407, 50.0658213]}, "properties": {"osm_id": "node/13164689973", "tags": {"amenity": "waste_basket"}}}, {"type": "Feature", "geometry": {"type": "Point", "coordinates": [19.9493774, 50.0649949]}, "properties": {"osm_id": "node/13164689979", "tags": {"amenity": "waste_basket"}}}, {"type": "Feature", "geometry": {"type": "Point", "coordinates": [19.9327982, 50.0628014]}, "properties": {"osm_id": "node/13164692846", "tags": {"amenity": "waste_basket"}}}, {"type": "Feature", "geometry": {"type": "Point", "coordinates": [19.9333377, 50.0635118]}, "properties": {"osm_id": "node/13164692854", "tags": {"amenity": "waste_basket"}}}, {"type": "Feature", "geometry": {"type": "Point", "coordinates": [19.935073, 50.0645709]}, "properties": {"osm_id": "node/13164692860", "tags": {"amenity": "waste_basket"}}}, {"type": "Feature", "geometry": {"type": "Point", "coordinates": [19.9356491, 50.0651582]}, "properties": {"osm_id": "node/13164692861", "tags": {"amenity": "waste_basket"}}}, {"type": "Feature", "geometry": {"type": "Point", "coordinates": [19.9333838, 50.0639168]}, "properties": {"osm_id": "node/13164694357", "tags": {"amenity": "waste_basket"}}}, {"type": "Feature", "geometry": {"type": "Point", "coordinates": [19.9337323, 50.0642183]}, "properties": {"osm_id": "node/13164694358", "tags": {"amenity": "waste_basket"}}}, {"type": "Feature", "geometry": {"type": "Point", "coordinates": [19.9429053, 50.0654013]}, "properties": {"osm_id": "node/13164694371", "tags": {"amenity": "waste_basket", "colour": "grey", "waste": "trash"}}}, {"type": "Feature", "geometry": {"type": "Point", "coordinates": [19.9441388, 50.0610547]}, "properties": {"osm_id": "node/13164694385", "tags": {"amenity": "waste_basket"}}}, {"type": "Feature", "geometry": {"type": "Point", "coordinates": [19.9577368, 50.0656501]}, "properties": {"osm_id": "node/13164725715", "tags": {"amenity": "waste_basket"}}}, {"type": "Feature", "geometry": {"type": "Point", "coordinates": [19.9326331, 50.0598075]}, "properties": {"osm_id": "node/13164725723", "tags": {"amenity": "waste_basket"}}}, {"type": "Feature", "geometry": {"type": "Point", "coordinates": [19.9316847, 50.0620245]}, "properties": {"osm_id": "node/13164725736", "tags": {"amenity": "waste_basket"}}}, {"type": "Feature", "geometry": {"type": "Point", "coordinates": [19.9454227, 50.0684871]}, "properties": {"osm_id": "node/13165416194", "tags": {"amenity": "waste_basket"}}}, {"type": "Feature", "geometry": {"type": "Point", "coordinates": [19.9454522, 50.068542]}, "properties": {"osm_id": "node/13165416196", "tags": {"amenity": "waste_basket"}}}, {"type": "Feature", "geometry": {"type": "Point", "coordinates": [19.9537298, 50.0634819]}, "properties": {"osm_id": "node/13165426954", "tags": {"amenity": "waste_basket"}}}, {"type": "Feature", "geometry": {"type": "Point", "coordinates": [19.9561196, 50.0641821]}, "properties": {"osm_id": "node/13165426961", "tags": {"amenity": "waste_basket"}}}, {"type": "Feature", "geometry": {"type": "Point", "coordinates": [19.957152, 50.0646722]}, "properties": {"osm_id": "node/13165426967", "tags": {"amenity": "waste_basket"}}}, {"type": "Feature", "geometry": {"type": "Point", "coordinates": [19.9581445, 50.0657773]}, "properties": {"osm_id": "node/13165426968", "tags": {"amenity": "waste_basket"}}}, {"type": "Feature", "geometry": {"type": "Point", "coordinates": [19.9570128, 50.0650971]}, "properties": {"osm_id": "node/13165426969", "tags": {"amenity": "waste_basket"}}}, {"type": "Feature", "geometry": {"type": "Point", "coordinates": [19.9385943, 50.0679347]}, "properties": {"osm_id": "node/13165435542", "tags": {"amenity": "waste_basket"}}}, {"type": "Feature", "geometry": {"type": "Point", "coordinates": [19.938077, 50.0613561]}, "properties": {"osm_id": "node/13165480621", "tags": {"amenity": "waste_basket"}}}, {"type": "Feature", "geometry": {"type": "Point", "coordinates": [19.9378416, 50.0614083]}, "properties": {"osm_id": "node/13165489303", "tags": {"amenity": "waste_basket"}}}, {"type": "Feature", "geometry": {"type": "Point", "coordinates": [19.9331443, 50.0533433]}, "properties": {"osm_id": "node/13180443324", "tags": {"amenity": "waste_basket"}}}, {"type": "Feature", "geometry": {"type": "Point", "coordinates": [19.9582022, 50.0627605]}, "properties": {"osm_id": "node/13188346410", "tags": {"amenity": "waste_basket"}}}, {"type": "Feature", "geometry": {"type": "Point", "coordinates": [19.9525897, 50.0450995]}, "properties": {"osm_id": "node/13192214106", "tags": {"amenity": "waste_basket"}}}, {"type": "Feature", "geometry": {"type": "Point", "coordinates": [19.9285382, 50.065392]}, "properties": {"osm_id": "node/13197889446", "tags": {"amenity": "waste_basket"}}}, {"type": "Feature", "geometry": {"type": "Point", "coordinates": [19.9290674, 50.0646121]}, "properties": {"osm_id": "node/13197889462", "tags": {"amenity": "waste_basket", "waste": "trash"}}}, {"type": "Feature", "geometry": {"type": "Point", "coordinates": [19.9295043, 50.0648046]}, "properties": {"osm_id": "node/13197889463", "tags": {"amenity": "waste_basket", "waste": "trash"}}}, {"type": "Feature", "geometry": {"type": "Point", "coordinates": [19.930312, 50.0649208]}, "properties": {"osm_id": "node/13197889471", "tags": {"amenity": "waste_basket", "waste": "trash"}}}, {"type": "Feature", "geometry": {"type": "Point", "coordinates": [19.9313208, 50.0649579]}, "properties": {"osm_id": "node/13197889476", "tags": {"amenity": "waste_basket", "waste": "trash"}}}, {"type": "Feature", "geometry": {"type": "Point", "coordinates": [19.9258289, 50.0688759]}, "properties": {"osm_id": "node/13197889480", "tags": {"amenity": "waste_basket", "colour": "black", "material": "metal", "waste": "trash"}}}, {"type": "Feature", "geometry": {"type": "Point", "coordinates": [19.95136, 50.0578796]}, "properties": {"osm_id": "node/13200196315", "tags": {"amenity": "waste_basket"}}}, {"type": "Feature", "geometry": {"type": "Point", "coordinates": [19.9515317, 50.0577559]}, "properties": {"osm_id": "node/13200196318", "tags": {"amenity": "waste_basket"}}}, {"type": "Feature", "geometry": {"type": "Point", "coordinates": [19.9475063, 50.069449]}, "properties": {"osm_id": "node/13207021396", "tags": {"amenity": "waste_basket"}}}, {"type": "Feature", "geometry": {"type": "Point", "coordinates": [19.9474767, 50.0698051]}, "properties": {"osm_id": "node/13207079398", "tags": {"amenity": "waste_basket"}}}, {"type": "Feature", "geometry": {"type": "Point", "coordinates": [19.9478317, 50.0694972]}, "properties": {"osm_id": "node/13207079399", "tags": {"amenity": "waste_basket"}}}, {"type": "Feature", "geometry": {"type": "Point", "coordinates": [19.9474931, 50.0696073]}, "properties": {"osm_id": "node/13207080521", "tags": {"amenity": "waste_basket"}}}, {"type": "Feature", "geometry": {"type": "Point", "coordinates": [19.9478258, 50.0696043]}, "properties": {"osm_id": "node/13207080869", "tags": {"amenity": "waste_basket"}}}, {"type": "Feature", "geometry": {"type": "Point", "coordinates": [19.947768, 50.069889]}, "properties": {"osm_id": "node/13207100555", "tags": {"amenity": "waste_basket"}}}, {"type": "Feature", "geometry": {"type": "Point", "coordinates": [19.9478022, 50.0697299]}, "properties": {"osm_id": "node/13207106261", "tags": {"amenity": "waste_basket"}}}, {"type": "Feature", "geometry": {"type": "Point", "coordinates": [19.9525939, 50.0652874]}, "properties": {"osm_id": "node/13260835707", "tags": {"amenity": "waste_basket"}}}, {"type": "Feature", "geometry": {"type": "Point", "coordinates": [19.9604516, 50.0609199]}, "properties": {"osm_id": "node/13264812816", "tags": {"amenity": "waste_basket"}}}, {"type": "Feature", "geometry": {"type": "Point", "coordinates": [19.9252177, 50.0585492]}, "properties": {"osm_id": "node/13426507782", "tags": {"amenity": "waste_basket", "waste": "trash"}}}, {"type": "Feature", "geometry": {"type": "Point", "coordinates": [19.9266043, 50.0560869]}, "properties": {"osm_id": "node/13426507783", "tags": {"amenity": "waste_basket", "waste": "trash"}}}, {"type": "Feature", "geometry": {"type": "Point", "coordinates": [19.9313184, 50.0496079]}, "properties": {"osm_id": "node/13426507785", "tags": {"amenity": "waste_basket", "waste": "trash"}}}, {"type": "Feature", "geometry": {"type": "Point", "coordinates": [19.9313012, 50.048826]}, "properties": {"osm_id": "node/13426507786", "tags": {"amenity": "waste_basket", "waste": "trash"}}}, {"type": "Feature", "geometry": {"type": "Point", "coordinates": [19.9437249, 50.0612809]}, "properties": {"osm_id": "node/13447660791", "tags": {"amenity": "waste_basket"}}}, {"type": "Feature", "geometry": {"type": "Point", "coordinates": [19.9736457, 50.0678023]}, "properties": {"osm_id": "node/13534309608", "tags": {"amenity": "waste_basket"}}}, {"type": "Feature", "geometry": {"type": "Point", "coordinates": [19.9593865, 50.0657545]}, "properties": {"osm_id": "node/13605602072", "tags": {"amenity": "waste_basket"}}}, {"type": "Feature", "geometry": {"type": "Point", "coordinates": [19.9307702, 50.0485615]}, "properties": {"osm_id": "node/13605654984", "tags": {"amenity": "waste_basket"}}}, {"type": "Feature", "geometry": {"type": "Point", "coordinates": [19.9479338, 50.0648548]}, "properties": {"osm_id": "node/13605693468", "tags": {"amenity": "waste_basket"}}}, {"type": "Feature", "geometry": {"type": "Point", "coordinates": [19.9502482, 50.0651659]}, "properties": {"osm_id": "node/13605707007", "tags": {"amenity": "waste_basket"}}}, {"type": "Feature", "geometry": {"type": "Point", "coordinates": [19.9323959, 50.0495507]}, "properties": {"osm_id": "node/13605716389", "tags": {"amenity": "waste_basket"}}}, {"type": "Feature", "geometry": {"type": "Point", "coordinates": [19.9454993, 50.064633]}, "properties": {"osm_id": "node/13605721908", "tags": {"amenity": "waste_basket"}}}, {"type": "Feature", "geometry": {"type": "Point", "coordinates": [19.9453706, 50.0561165]}, "properties": {"osm_id": "node/13605740789", "tags": {"amenity": "waste_basket"}}}, {"type": "Feature", "geometry": {"type": "Point", "coordinates": [19.9424234, 50.0597102]}, "properties": {"osm_id": "node/13605744502", "tags": {"amenity": "waste_basket"}}}, {"type": "Feature", "geometry": {"type": "Point", "coordinates": [19.9323136, 50.0496404]}, "properties": {"osm_id": "node/13605744576", "tags": {"amenity": "waste_basket"}}}, {"type": "Feature", "geometry": {"type": "Point", "coordinates": [19.9451203, 50.0567579]}, "properties": {"osm_id": "node/13605746595", "tags": {"amenity": "waste_basket"}}}, {"type": "Feature", "geometry": {"type": "Point", "coordinates": [19.9313377, 50.0491924]}, "properties": {"osm_id": "node/13605746596", "tags": {"amenity": "waste_basket"}}}, {"type": "Feature", "geometry": {"type": "Point", "coordinates": [19.9311965, 50.0487098]}, "properties": {"osm_id": "node/13605748536", "tags": {"amenity": "waste_basket"}}}, {"type": "Feature", "geometry": {"type": "Point", "coordinates": [19.9622405, 50.0550244]}, "properties": {"osm_id": "node/13699130830", "tags": {"amenity": "waste_basket"}}}, {"type": "Feature", "geometry": {"type": "Point", "coordinates": [19.9620664, 50.0551222]}, "properties": {"osm_id": "node/13699130837", "tags": {"amenity": "waste_basket"}}}, {"type": "Feature", "geometry": {"type": "Point", "coordinates": [19.9638995, 50.0482782]}, "properties": {"osm_id": "node/13770718874", "tags": {"amenity": "waste_basket", "waste": "trash"}}}, {"type": "Feature", "geometry": {"type": "Point", "coordinates": [19.9636376, 50.0474294]}, "properties": {"osm_id": "node/13770814705", "tags": {"amenity": "waste_basket", "waste": "trash"}}}, {"type": "Feature", "geometry": {"type": "Point", "coordinates": [19.9641365, 50.0491257]}, "properties": {"osm_id": "node/13770837173", "tags": {"amenity": "waste_basket", "waste": "trash"}}}, {"type": "Feature", "geometry": {"type": "Point", "coordinates": [19.9492694, 50.0458622]}, "properties": {"osm_id": "node/13810933317", "tags": {"amenity": "waste_basket"}}}, {"type": "Feature", "geometry": {"type": "Point", "coordinates": [19.9524892, 50.0459128]}, "properties": {"osm_id": "node/13810974845", "tags": {"amenity": "waste_basket"}}}, {"type": "Feature", "geometry": {"type": "Point", "coordinates": [19.9525101, 50.0475493]}, "properties": {"osm_id": "node/13820924592", "tags": {"amenity": "waste_basket"}}}, {"type": "Feature", "geometry": {"type": "Point", "coordinates": [19.952061, 50.0479821]}, "properties": {"osm_id": "node/13820946775", "tags": {"amenity": "waste_basket"}}}, {"type": "Feature", "geometry": {"type": "Point", "coordinates": [19.9522955, 50.0474199]}, "properties": {"osm_id": "node/13820957450", "tags": {"amenity": "waste_basket"}}}, {"type": "Feature", "geometry": {"type": "Point", "coordinates": [19.9513948, 50.0476004]}, "properties": {"osm_id": "node/13820964972", "tags": {"amenity": "waste_basket"}}}, {"type": "Feature", "geometry": {"type": "Point", "coordinates": [19.9459469, 50.0450586]}, "properties": {"osm_id": "node/13820969628", "tags": {"amenity": "waste_basket"}}}, {"type": "Feature", "geometry": {"type": "Point", "coordinates": [19.9521751, 50.0479275]}, "properties": {"osm_id": "node/13820985216", "tags": {"amenity": "waste_basket"}}}, {"type": "Feature", "geometry": {"type": "Point", "coordinates": [19.9500512, 50.0469043]}, "properties": {"osm_id": "node/13820986276", "tags": {"amenity": "waste_basket"}}}, {"type": "Feature", "geometry": {"type": "Point", "coordinates": [19.9486316, 50.0462566]}, "properties": {"osm_id": "node/13820987382", "tags": {"amenity": "waste_basket"}}}, {"type": "Feature", "geometry": {"type": "Point", "coordinates": [19.9495707, 50.0466578]}, "properties": {"osm_id": "node/13820992502", "tags": {"amenity": "waste_basket"}}}, {"type": "Feature", "geometry": {"type": "Point", "coordinates": [19.9470079, 50.0455869]}, "properties": {"osm_id": "node/13821006769", "tags": {"amenity": "waste_basket"}}}, {"type": "Feature", "geometry": {"type": "Point", "coordinates": [19.9460824, 50.0451999]}, "properties": {"osm_id": "node/13821008329", "tags": {"amenity": "waste_basket"}}}, {"type": "Feature", "geometry": {"type": "Point", "coordinates": [19.930364, 50.0626437]}, "properties": {"osm_id": "node/13845435537", "tags": {"amenity": "waste_basket"}}}, {"type": "Feature", "geometry": {"type": "Point", "coordinates": [19.9374372, 50.0697937]}, "properties": {"osm_id": "node/13860490658", "tags": {"amenity": "waste_basket"}}}, {"type": "Feature", "geometry": {"type": "Point", "coordinates": [19.9609547, 50.0689887]}, "properties": {"osm_id": "node/13907794584", "tags": {"amenity": "waste_basket"}}}, {"type": "Feature", "geometry": {"type": "Point", "coordinates": [19.9606087, 50.0687284]}, "properties": {"osm_id": "node/13907794591", "tags": {"amenity": "waste_basket"}}}, {"type": "Feature", "geometry": {"type": "Point", "coordinates": [19.9659969, 50.0699111]}, "properties": {"osm_id": "node/13914826332", "tags": {"amenity": "waste_basket"}}}, {"type": "Feature", "geometry": {"type": "Point", "coordinates": [19.9629339, 50.068461]}, "properties": {"osm_id": "node/13921102773", "tags": {"amenity": "waste_basket"}}}, {"type": "Feature", "geometry": {"type": "Point", "coordinates": [19.9653206, 50.0671889]}, "properties": {"osm_id": "node/13924050138", "tags": {"amenity": "waste_basket"}}}, {"type": "Feature", "geometry": {"type": "Point", "coordinates": [19.9594507, 50.0674295]}, "properties": {"osm_id": "node/13927002263", "tags": {"amenity": "waste_basket"}}}, {"type": "Feature", "geometry": {"type": "Point", "coordinates": [19.9596331, 50.0680408]}, "properties": {"osm_id": "node/13927002275", "tags": {"amenity": "waste_basket"}}}, {"type": "Feature", "geometry": {"type": "Point", "coordinates": [19.9590199, 50.0695026]}, "properties": {"osm_id": "node/13929846549", "tags": {"amenity": "waste_basket"}}}, {"type": "Feature", "geometry": {"type": "Point", "coordinates": [19.9592185, 50.0697392]}, "properties": {"osm_id": "node/13929890871", "tags": {"amenity": "waste_basket"}}}, {"type": "Feature", "geometry": {"type": "Point", "coordinates": [19.9501613, 50.0697332]}, "properties": {"osm_id": "node/13937146487", "tags": {"amenity": "waste_basket"}}}, {"type": "Feature", "geometry": {"type": "Point", "coordinates": [19.9498401, 50.0693945]}, "properties": {"osm_id": "node/13937146488", "tags": {"amenity": "waste_basket"}}}, {"type": "Feature", "geometry": {"type": "Point", "coordinates": [19.9502212, 50.069954]}, "properties": {"osm_id": "node/13937146559", "tags": {"amenity": "waste_basket"}}}, {"type": "Feature", "geometry": {"type": "Point", "coordinates": [19.9528684, 50.0677333]}, "properties": {"osm_id": "node/13943222106", "tags": {"amenity": "waste_basket"}}}, {"type": "Feature", "geometry": {"type": "Point", "coordinates": [19.951823, 50.0682925]}, "properties": {"osm_id": "node/13944016039", "tags": {"amenity": "waste_basket"}}}, {"type": "Feature", "geometry": {"type": "Point", "coordinates": [19.9461525, 50.0495927]}, "properties": {"osm_id": "node/13982328141", "tags": {"amenity": "waste_basket", "waste": "mixed;trash"}}}, {"type": "Feature", "geometry": {"type": "Point", "coordinates": [19.9463456, 50.0496851]}, "properties": {"osm_id": "node/13982328142", "tags": {"amenity": "waste_basket", "waste": "mixed;trash"}}}, {"type": "Feature", "geometry": {"type": "Point", "coordinates": [19.9456589, 50.0496103]}, "properties": {"osm_id": "node/13982759527", "tags": {"amenity": "waste_basket", "waste": "trash;mixed"}}}, {"type": "Feature", "geometry": {"type": "Point", "coordinates": [19.9463174, 50.0497718]}, "properties": {"osm_id": "node/13982759528", "tags": {"amenity": "waste_basket", "waste": "trash;mixed"}}}, {"type": "Feature", "geometry": {"type": "Point", "coordinates": [19.9471259, 50.0498456]}, "properties": {"osm_id": "node/13982759529", "tags": {"amenity": "waste_basket", "waste": "trash;mixed"}}}, {"type": "Feature", "geometry": {"type": "Point", "coordinates": [19.9474216, 50.0500173]}, "properties": {"osm_id": "node/13982759531", "tags": {"amenity": "waste_basket", "waste": "trash;mixed"}}}, {"type": "Feature", "geometry": {"type": "Point", "coordinates": [19.9479217, 50.0502103]}, "properties": {"osm_id": "node/13982759533", "tags": {"amenity": "waste_basket", "waste": "trash;mixed"}}}, {"type": "Feature", "geometry": {"type": "Point", "coordinates": [19.9480156, 50.0501378]}, "properties": {"osm_id": "node/13982759534", "tags": {"amenity": "waste_basket", "colour": "grey", "waste": "trash;mixed"}}}, {"type": "Feature", "geometry": {"type": "Point", "coordinates": [19.9465756, 50.0524983]}, "properties": {"osm_id": "node/13982759537", "tags": {"amenity": "waste_basket", "waste": "trash;mixed"}}}, {"type": "Feature", "geometry": {"type": "Point", "coordinates": [19.9419967, 50.0656977]}, "properties": {"osm_id": "node/14001102482", "tags": {"amenity": "waste_basket", "colour": "grey", "waste": "trash"}}}, {"type": "Feature", "geometry": {"type": "Point", "coordinates": [19.925744, 50.0694904]}, "properties": {"osm_id": "node/14006756434", "tags": {"amenity": "waste_basket"}}}, {"type": "Feature", "geometry": {"type": "Point", "coordinates": [19.9305292, 50.0691762]}, "properties": {"osm_id": "node/14014772760", "tags": {"amenity": "waste_basket", "waste": "trash"}}}, {"type": "Feature", "geometry": {"type": "Point", "coordinates": [19.9297582, 50.0483916]}, "properties": {"osm_id": "node/14020295849", "tags": {"amenity": "waste_basket"}}}, {"type": "Feature", "geometry": {"type": "Point", "coordinates": [19.9514985, 50.0579147]}, "properties": {"osm_id": "node/14023803701", "tags": {"amenity": "waste_basket"}}}, {"type": "Feature", "geometry": {"type": "Point", "coordinates": [19.9513784, 50.0577597]}, "properties": {"osm_id": "node/14023805802", "tags": {"amenity": "waste_basket"}}}, {"type": "Feature", "geometry": {"type": "Point", "coordinates": [19.9519461, 50.0575731]}, "properties": {"osm_id": "node/14023805803", "tags": {"amenity": "waste_basket"}}}, {"type": "Feature", "geometry": {"type": "Point", "coordinates": [19.9516672, 50.0577898]}, "properties": {"osm_id": "node/14023805901", "tags": {"amenity": "waste_basket"}}}, {"type": "Feature", "geometry": {"type": "Point", "coordinates": [19.9522978, 50.057256]}, "properties": {"osm_id": "node/14023806901", "tags": {"amenity": "waste_basket"}}}, {"type": "Feature", "geometry": {"type": "Point", "coordinates": [19.9520924, 50.0571618]}, "properties": {"osm_id": "node/14023807901", "tags": {"amenity": "waste_basket"}}}, {"type": "Feature", "geometry": {"type": "Point", "coordinates": [19.9517602, 50.0574676]}, "properties": {"osm_id": "node/14023809501", "tags": {"amenity": "waste_basket"}}}, {"type": "Feature", "geometry": {"type": "Point", "coordinates": [19.9514908, 50.0576781]}, "properties": {"osm_id": "node/14023809601", "tags": {"amenity": "waste_basket"}}}, {"type": "Feature", "geometry": {"type": "Point", "coordinates": [19.9493305, 50.0685328]}, "properties": {"osm_id": "node/14041537213", "tags": {"amenity": "waste_basket", "material": "metal", "waste": "trash"}}}, {"type": "Feature", "geometry": {"type": "Point", "coordinates": [19.949431, 50.0685346]}, "properties": {"osm_id": "node/14041537214", "tags": {"amenity": "waste_basket", "material": "metal", "waste": "trash"}}}, {"type": "Feature", "geometry": {"type": "Point", "coordinates": [19.9382998, 50.061221]}, "properties": {"osm_id": "node/14045674660", "tags": {"amenity": "waste_basket", "colour": "darkgreen", "material": "metal", "waste": "trash"}}}, {"type": "Feature", "geometry": {"type": "Point", "coordinates": [19.9383954, 50.0613304]}, "properties": {"osm_id": "node/14045674661", "tags": {"amenity": "waste_basket", "colour": "darkgreen", "material": "metal", "waste": "trash"}}}, {"type": "Feature", "geometry": {"type": "Point", "coordinates": [19.9385043, 50.0614762]}, "properties": {"osm_id": "node/14045674662", "tags": {"amenity": "waste_basket", "colour": "darkgreen", "material": "metal", "waste": "trash"}}}, {"type": "Feature", "geometry": {"type": "Point", "coordinates": [19.9374036, 50.0635108]}, "properties": {"osm_id": "node/14047324495", "tags": {"amenity": "waste_basket", "colour": "darkgreen", "material": "metal", "waste": "trash"}}}, {"type": "Feature", "geometry": {"type": "Point", "coordinates": [19.9373339, 50.0634213]}, "properties": {"osm_id": "node/14047324496", "tags": {"amenity": "waste_basket", "colour": "darkgreen", "material": "metal", "waste": "trash"}}}, {"type": "Feature", "geometry": {"type": "Point", "coordinates": [19.9374062, 50.0636075]}, "properties": {"osm_id": "node/14047376245", "tags": {"amenity": "waste_basket", "colour": "darkgreen", "material": "metal", "waste": "trash"}}}, {"type": "Feature", "geometry": {"type": "Point", "coordinates": [19.9380217, 50.06422]}, "properties": {"osm_id": "node/14047382292", "tags": {"amenity": "waste_basket", "colour": "darkgreen", "material": "metal", "waste": "trash"}}}, {"type": "Feature", "geometry": {"type": "Point", "coordinates": [19.9379967, 50.0643653]}, "properties": {"osm_id": "node/14047382293", "tags": {"amenity": "waste_basket", "colour": "darkgreen", "material": "metal", "waste": "trash"}}}, {"type": "Feature", "geometry": {"type": "Point", "coordinates": [19.9368101, 50.0651935]}, "properties": {"osm_id": "node/14047392399", "tags": {"amenity": "waste_basket", "colour": "darkgreen", "material": "metal", "waste": "trash"}}}, {"type": "Feature", "geometry": {"type": "Point", "coordinates": [19.9367309, 50.0648146]}, "properties": {"osm_id": "node/14047396351", "tags": {"amenity": "waste_basket", "colour": "darkgreen", "material": "metal", "waste": "trash"}}}, {"type": "Feature", "geometry": {"type": "Point", "coordinates": [19.9356902, 50.0635554]}, "properties": {"osm_id": "node/14048254773", "tags": {"amenity": "waste_basket", "colour": "darkgreen", "material": "metal", "waste": "trash"}}}, {"type": "Feature", "geometry": {"type": "Point", "coordinates": [19.9357534, 50.0632077]}, "properties": {"osm_id": "node/14048254774", "tags": {"amenity": "waste_basket", "colour": "darkgreen", "material": "metal", "waste": "trash"}}}, {"type": "Feature", "geometry": {"type": "Point", "coordinates": [19.934841, 50.0672584]}, "properties": {"osm_id": "node/14048296514", "tags": {"amenity": "waste_basket", "colour": "grey", "waste": "trash"}}}, {"type": "Feature", "geometry": {"type": "Point", "coordinates": [19.9350019, 50.0674291]}, "properties": {"osm_id": "node/14048296516", "tags": {"amenity": "waste_basket", "material": "wood", "waste": "trash"}}}, {"type": "Feature", "geometry": {"type": "Point", "coordinates": [19.9461725, 50.0510213]}, "properties": {"osm_id": "node/14048766598", "tags": {"amenity": "waste_basket", "colour": "grey", "waste": "trash"}}}, {"type": "Feature", "geometry": {"type": "Point", "coordinates": [19.9460606, 50.0509399]}, "properties": {"osm_id": "node/14048766599", "tags": {"amenity": "waste_basket", "colour": "grey", "waste": "trash"}}}, {"type": "Feature", "geometry": {"type": "Point", "coordinates": [19.9384913, 50.0591567]}, "properties": {"osm_id": "node/14048781408", "tags": {"amenity": "waste_basket", "colour": "grey", "waste": "trash"}}}, {"type": "Feature", "geometry": {"type": "Point", "coordinates": [19.9486237, 50.050949]}, "properties": {"osm_id": "node/14048788071", "tags": {"amenity": "waste_basket", "colour": "grey", "waste": "trash"}}}, {"type": "Feature", "geometry": {"type": "Point", "coordinates": [19.9485559, 50.0506372]}, "properties": {"osm_id": "node/14048788072", "tags": {"amenity": "waste_basket", "colour": "grey", "waste": "trash"}}}, {"type": "Feature", "geometry": {"type": "Point", "coordinates": [19.948702, 50.0502903]}, "properties": {"osm_id": "node/14048788073", "tags": {"amenity": "waste_basket", "colour": "grey", "waste": "trash"}}}, {"type": "Feature", "geometry": {"type": "Point", "coordinates": [19.9448832, 50.0538147]}, "properties": {"osm_id": "node/14048801234", "tags": {"amenity": "waste_basket", "colour": "grey", "waste": "trash"}}}, {"type": "Feature", "geometry": {"type": "Point", "coordinates": [19.9482329, 50.0517595]}, "properties": {"osm_id": "node/14048829609", "tags": {"amenity": "waste_basket", "colour": "grey", "waste": "trash"}}}, {"type": "Feature", "geometry": {"type": "Point", "coordinates": [19.9479496, 50.0501589]}, "properties": {"osm_id": "node/14048918660", "tags": {"amenity": "waste_basket", "colour": "grey", "waste": "trash"}}}, {"type": "Feature", "geometry": {"type": "Point", "coordinates": [19.9478232, 50.0501395]}, "properties": {"osm_id": "node/14048918661", "tags": {"amenity": "waste_basket", "colour": "grey", "waste": "trash"}}}, {"type": "Feature", "geometry": {"type": "Point", "coordinates": [19.9480465, 50.0459895]}, "properties": {"osm_id": "node/14049018384", "tags": {"amenity": "waste_basket", "colour": "grey", "waste": "trash"}}}, {"type": "Feature", "geometry": {"type": "Point", "coordinates": [19.9490445, 50.0462731]}, "properties": {"osm_id": "node/14049020561", "tags": {"amenity": "waste_basket", "colour": "grey", "waste": "trash"}}}, {"type": "Feature", "geometry": {"type": "Point", "coordinates": [19.932369, 50.0502051]}, "properties": {"osm_id": "node/14049258030", "tags": {"amenity": "waste_basket", "colour": "black", "material": "metal", "waste": "trash"}}}, {"type": "Feature", "geometry": {"type": "Point", "coordinates": [19.9327364, 50.0499751]}, "properties": {"osm_id": "node/14049258033", "tags": {"amenity": "waste_basket", "colour": "black", "material": "metal", "waste": "trash"}}}, {"type": "Feature", "geometry": {"type": "Point", "coordinates": [19.9324694, 50.050104]}, "properties": {"osm_id": "node/14049258034", "tags": {"amenity": "waste_basket", "colour": "black", "material": "metal", "waste": "trash"}}}, {"type": "Feature", "geometry": {"type": "Point", "coordinates": [19.9259549, 50.0582179]}, "properties": {"osm_id": "node/14049273198", "tags": {"amenity": "waste_basket", "colour": "grey", "waste": "trash"}}}, {"type": "Feature", "geometry": {"type": "Point", "coordinates": [19.9261583, 50.0581854]}, "properties": {"osm_id": "node/14049273199", "tags": {"amenity": "waste_basket", "colour": "grey", "waste": "trash"}}}, {"type": "Feature", "geometry": {"type": "Point", "coordinates": [19.9255134, 50.0582582]}, "properties": {"osm_id": "node/14049273200", "tags": {"amenity": "waste_basket", "colour": "grey", "waste": "trash"}}}, {"type": "Feature", "geometry": {"type": "Point", "coordinates": [19.9323165, 50.0505828]}, "properties": {"osm_id": "node/14049293331", "tags": {"amenity": "waste_basket", "colour": "black", "material": "metal", "waste": "trash"}}}, {"type": "Feature", "geometry": {"type": "Point", "coordinates": [19.9418737, 50.063709]}, "properties": {"osm_id": "node/14049887945", "tags": {"amenity": "waste_basket", "colour": "darkgreen", "material": "metal", "waste": "trash"}}}, {"type": "Feature", "geometry": {"type": "Point", "coordinates": [19.9429352, 50.0645268]}, "properties": {"osm_id": "node/14049903292", "tags": {"amenity": "waste_basket", "colour": "darkgreen", "material": "metal", "waste": "trash"}}}, {"type": "Feature", "geometry": {"type": "Point", "coordinates": [19.9429809, 50.0646039]}, "properties": {"osm_id": "node/14049903293", "tags": {"amenity": "waste_basket", "colour": "darkgreen", "material": "metal", "waste": "trash"}}}, {"type": "Feature", "geometry": {"type": "Point", "coordinates": [19.9429327, 50.0646866]}, "properties": {"osm_id": "node/14049903294", "tags": {"amenity": "waste_basket", "colour": "darkgreen", "material": "metal", "waste": "trash"}}}, {"type": "Feature", "geometry": {"type": "Point", "coordinates": [19.9428073, 50.0647859]}, "properties": {"osm_id": "node/14049903295", "tags": {"amenity": "waste_basket", "colour": "darkgreen", "material": "metal", "waste": "trash"}}}, {"type": "Feature", "geometry": {"type": "Point", "coordinates": [19.9410269, 50.0625304]}, "properties": {"osm_id": "node/14049906622", "tags": {"amenity": "waste_basket", "colour": "darkgreen", "material": "metal", "waste": "trash"}}}, {"type": "Feature", "geometry": {"type": "Point", "coordinates": [19.9416067, 50.0633381]}, "properties": {"osm_id": "node/14049906623", "tags": {"amenity": "waste_basket", "colour": "darkgreen", "material": "metal", "waste": "trash"}}}, {"type": "Feature", "geometry": {"type": "Point", "coordinates": [19.9420431, 50.0637893]}, "properties": {"osm_id": "node/14049938416", "tags": {"amenity": "waste_basket", "colour": "darkgreen", "material": "metal", "waste": "trash"}}}, {"type": "Feature", "geometry": {"type": "Point", "coordinates": [19.9421315, 50.0640702]}, "properties": {"osm_id": "node/14049938417", "tags": {"amenity": "waste_basket", "colour": "darkgreen", "material": "metal", "waste": "trash"}}}, {"type": "Feature", "geometry": {"type": "Point", "coordinates": [19.9431329, 50.0647863]}, "properties": {"osm_id": "node/14049948354", "tags": {"amenity": "waste_basket", "colour": "darkgreen", "material": "metal", "waste": "trash"}}}, {"type": "Feature", "geometry": {"type": "Point", "coordinates": [19.9434333, 50.0646413]}, "properties": {"osm_id": "node/14049948355", "tags": {"amenity": "waste_basket", "colour": "darkgreen", "material": "metal", "waste": "trash"}}}, {"type": "Feature", "geometry": {"type": "Point", "coordinates": [19.9424191, 50.0644643]}, "properties": {"osm_id": "node/14049949175", "tags": {"amenity": "waste_basket", "colour": "darkgreen", "material": "metal", "waste": "trash"}}}, {"type": "Feature", "geometry": {"type": "Point", "coordinates": [19.9425859, 50.0644529]}, "properties": {"osm_id": "node/14049949176", "tags": {"amenity": "waste_basket", "colour": "darkgreen", "material": "metal", "waste": "trash"}}}, {"type": "Feature", "geometry": {"type": "Point", "coordinates": [19.9426576, 50.0645076]}, "properties": {"osm_id": "node/14049949177", "tags": {"amenity": "waste_basket", "colour": "darkgreen", "material": "metal", "waste": "trash"}}}, {"type": "Feature", "geometry": {"type": "Point", "coordinates": [19.9402247, 50.0668553]}, "properties": {"osm_id": "node/14050485938", "tags": {"amenity": "waste_basket", "colour": "grey", "waste": "trash"}}}, {"type": "Feature", "geometry": {"type": "Point", "coordinates": [19.9426, 50.0655135]}, "properties": {"osm_id": "node/14050491621", "tags": {"amenity": "waste_basket", "colour": "grey", "waste": "trash"}}}, {"type": "Feature", "geometry": {"type": "Point", "coordinates": [19.9267855, 50.0688941]}, "properties": {"osm_id": "node/14051760083", "tags": {"amenity": "waste_basket", "covered": "no", "material": "metal", "support": "ground"}}}, {"type": "Feature", "geometry": {"type": "Point", "coordinates": [19.9271611, 50.0685916]}, "properties": {"osm_id": "node/14051760086", "tags": {"amenity": "waste_basket"}}}, {"type": "Feature", "geometry": {"type": "Point", "coordinates": [19.9274294, 50.068372]}, "properties": {"osm_id": "node/14051760091", "tags": {"amenity": "waste_basket"}}}, {"type": "Feature", "geometry": {"type": "Point", "coordinates": [19.9266969, 50.0688337]}, "properties": {"osm_id": "node/14051760095", "tags": {"amenity": "waste_basket", "covered": "no", "material": "metal", "support": "ground"}}}, {"type": "Feature", "geometry": {"type": "Point", "coordinates": [19.9682895, 50.0656848]}, "properties": {"osm_id": "node/14074226157", "tags": {"amenity": "waste_basket"}}}, {"type": "Feature", "geometry": {"type": "Point", "coordinates": [19.9684961, 50.0601521]}, "properties": {"osm_id": "node/14075168546", "tags": {"amenity": "waste_basket"}}}, {"type": "Feature", "geometry": {"type": "Point", "coordinates": [19.9626343, 50.055131]}, "properties": {"osm_id": "node/14080120278", "tags": {"amenity": "waste_basket"}}}, {"type": "Feature", "geometry": {"type": "Point", "coordinates": [19.9635862, 50.0558188]}, "properties": {"osm_id": "node/14080123246", "tags": {"amenity": "waste_basket"}}}, {"type": "Feature", "geometry": {"type": "Point", "coordinates": [19.9634263, 50.0559885]}, "properties": {"osm_id": "node/14080125055", "tags": {"amenity": "waste_basket"}}}, {"type": "Feature", "geometry": {"type": "Point", "coordinates": [19.961609, 50.0548722]}, "properties": {"osm_id": "node/14080125056", "tags": {"amenity": "waste_basket"}}}, {"type": "Feature", "geometry": {"type": "Point", "coordinates": [19.963907, 50.0556672]}, "properties": {"osm_id": "node/14080125467", "tags": {"amenity": "waste_basket"}}}, {"type": "Feature", "geometry": {"type": "Point", "coordinates": [19.9633218, 50.0554033]}, "properties": {"osm_id": "node/14080125468", "tags": {"amenity": "waste_basket"}}}, {"type": "Feature", "geometry": {"type": "Point", "coordinates": [19.9619157, 50.0549405]}, "properties": {"osm_id": "node/14080125882", "tags": {"amenity": "waste_basket"}}}, {"type": "Feature", "geometry": {"type": "Point", "coordinates": [19.9637146, 50.0554069]}, "properties": {"osm_id": "node/14080128515", "tags": {"amenity": "waste_basket"}}}, {"type": "Feature", "geometry": {"type": "Point", "coordinates": [19.9618685, 50.0550799]}, "properties": {"osm_id": "node/14080132765", "tags": {"amenity": "waste_basket"}}}, {"type": "Feature", "geometry": {"type": "Point", "coordinates": [19.9612081, 50.0548142]}, "properties": {"osm_id": "node/14080137702", "tags": {"amenity": "waste_basket"}}}, {"type": "Feature", "geometry": {"type": "Point", "coordinates": [19.9616536, 50.0552783]}, "properties": {"osm_id": "node/14080137849", "tags": {"amenity": "waste_basket"}}}, {"type": "Feature", "geometry": {"type": "Point", "coordinates": [19.9634072, 50.0557133]}, "properties": {"osm_id": "node/14080142167", "tags": {"amenity": "waste_basket"}}}, {"type": "Feature", "geometry": {"type": "Point", "coordinates": [19.9613749, 50.0549542]}, "properties": {"osm_id": "node/14080142749", "tags": {"amenity": "waste_basket"}}}, {"type": "Feature", "geometry": {"type": "Point", "coordinates": [19.9633153, 50.0558254]}, "properties": {"osm_id": "node/14080142857", "tags": {"amenity": "waste_basket"}}}, {"type": "Feature", "geometry": {"type": "Point", "coordinates": [19.9331726, 50.0627146]}, "properties": {"osm_id": "node/14082052401", "tags": {"amenity": "waste_basket"}}}, {"type": "Feature", "geometry": {"type": "Point", "coordinates": [19.9337822, 50.0632523]}, "properties": {"osm_id": "node/14082092402", "tags": {"amenity": "waste_basket"}}}, {"type": "Feature", "geometry": {"type": "Point", "coordinates": [19.9333429, 50.0628884]}, "properties": {"osm_id": "node/14082092901", "tags": {"amenity": "waste_basket"}}}, {"type": "Feature", "geometry": {"type": "Point", "coordinates": [19.9335183, 50.0629617]}, "properties": {"osm_id": "node/14082092902", "tags": {"amenity": "waste_basket"}}}, {"type": "Feature", "geometry": {"type": "Point", "coordinates": [19.933376, 50.0629916]}, "properties": {"osm_id": "node/14082092903", "tags": {"amenity": "waste_basket"}}}, {"type": "Feature", "geometry": {"type": "Point", "coordinates": [19.9328909, 50.0627554]}, "properties": {"osm_id": "node/14082092904", "tags": {"amenity": "waste_basket"}}}, {"type": "Feature", "geometry": {"type": "Point", "coordinates": [19.932894, 50.0629537]}, "properties": {"osm_id": "node/14082092905", "tags": {"amenity": "waste_basket"}}}, {"type": "Feature", "geometry": {"type": "Point", "coordinates": [19.9339445, 50.0636782]}, "properties": {"osm_id": "node/14082092906", "tags": {"amenity": "waste_basket"}}}, {"type": "Feature", "geometry": {"type": "Point", "coordinates": [19.9333317, 50.0627762]}, "properties": {"osm_id": "node/14082093001", "tags": {"amenity": "waste_basket"}}}, {"type": "Feature", "geometry": {"type": "Point", "coordinates": [19.9329761, 50.0628924]}, "properties": {"osm_id": "node/14082093002", "tags": {"amenity": "waste_basket"}}}, {"type": "Feature", "geometry": {"type": "Point", "coordinates": [19.9337306, 50.0636148]}, "properties": {"osm_id": "node/14082093003", "tags": {"amenity": "waste_basket"}}}, {"type": "Feature", "geometry": {"type": "Point", "coordinates": [19.9329963, 50.0629379]}, "properties": {"osm_id": "node/14082093401", "tags": {"amenity": "waste_basket"}}}, {"type": "Feature", "geometry": {"type": "Point", "coordinates": [19.9340244, 50.0635912]}, "properties": {"osm_id": "node/14082093402", "tags": {"amenity": "waste_basket"}}}, {"type": "Feature", "geometry": {"type": "Point", "coordinates": [19.9327415, 50.0629336]}, "properties": {"osm_id": "node/14082093501", "tags": {"amenity": "waste_basket"}}}, {"type": "Feature", "geometry": {"type": "Point", "coordinates": [19.9336761, 50.0632364]}, "properties": {"osm_id": "node/14082093502", "tags": {"amenity": "waste_basket"}}}, {"type": "Feature", "geometry": {"type": "Point", "coordinates": [19.9339093, 50.063376]}, "properties": {"osm_id": "node/14082093503", "tags": {"amenity": "waste_basket"}}}, {"type": "Feature", "geometry": {"type": "Point", "coordinates": [19.9341776, 50.0637584]}, "properties": {"osm_id": "node/14082093504", "tags": {"amenity": "waste_basket"}}}, {"type": "Feature", "geometry": {"type": "Point", "coordinates": [19.9327174, 50.062838]}, "properties": {"osm_id": "node/14082093601", "tags": {"amenity": "waste_basket"}}}, {"type": "Feature", "geometry": {"type": "Point", "coordinates": [19.9343537, 50.0639238]}, "properties": {"osm_id": "node/14082094601", "tags": {"amenity": "waste_basket"}}}, {"type": "Feature", "geometry": {"type": "Point", "coordinates": [19.9352881, 50.0644145]}, "properties": {"osm_id": "node/14082128703", "tags": {"amenity": "waste_basket"}}}, {"type": "Feature", "geometry": {"type": "Point", "coordinates": [19.9343056, 50.0640309]}, "properties": {"osm_id": "node/14082128801", "tags": {"amenity": "waste_basket"}}}, {"type": "Feature", "geometry": {"type": "Point", "coordinates": [19.9348432, 50.0646811]}, "properties": {"osm_id": "node/14082128803", "tags": {"amenity": "waste_basket"}}}, {"type": "Feature", "geometry": {"type": "Point", "coordinates": [19.9345867, 50.0643069]}, "properties": {"osm_id": "node/14082128901", "tags": {"amenity": "waste_basket"}}}, {"type": "Feature", "geometry": {"type": "Point", "coordinates": [19.9346376, 50.0641289]}, "properties": {"osm_id": "node/14082129001", "tags": {"amenity": "waste_basket"}}}, {"type": "Feature", "geometry": {"type": "Point", "coordinates": [19.9347552, 50.0643349]}, "properties": {"osm_id": "node/14082129003", "tags": {"amenity": "waste_basket"}}}, {"type": "Feature", "geometry": {"type": "Point", "coordinates": [19.9349461, 50.0644463]}, "properties": {"osm_id": "node/14082129101", "tags": {"amenity": "waste_basket"}}}, {"type": "Feature", "geometry": {"type": "Point", "coordinates": [19.9349438, 50.0647725]}, "properties": {"osm_id": "node/14082129102", "tags": {"amenity": "waste_basket"}}}, {"type": "Feature", "geometry": {"type": "Point", "coordinates": [19.9351963, 50.0647983]}, "properties": {"osm_id": "node/14082134601", "tags": {"amenity": "waste_basket"}}}, {"type": "Feature", "geometry": {"type": "Point", "coordinates": [19.9353067, 50.0647154]}, "properties": {"osm_id": "node/14082134701", "tags": {"amenity": "waste_basket"}}}, {"type": "Feature", "geometry": {"type": "Point", "coordinates": [19.9352259, 50.0645732]}, "properties": {"osm_id": "node/14082134702", "tags": {"amenity": "waste_basket"}}}, {"type": "Feature", "geometry": {"type": "Point", "coordinates": [19.9352121, 50.0649253]}, "properties": {"osm_id": "node/14082143501", "tags": {"amenity": "waste_basket"}}}, {"type": "Feature", "geometry": {"type": "Point", "coordinates": [19.93532, 50.0650209]}, "properties": {"osm_id": "node/14082143502", "tags": {"amenity": "waste_basket"}}}, {"type": "Feature", "geometry": {"type": "Point", "coordinates": [19.9354737, 50.0649832]}, "properties": {"osm_id": "node/14082143601", "tags": {"amenity": "waste_basket"}}}, {"type": "Feature", "geometry": {"type": "Point", "coordinates": [19.9354904, 50.0652369]}, "properties": {"osm_id": "node/14082165604", "tags": {"amenity": "waste_basket"}}}, {"type": "Feature", "geometry": {"type": "Point", "coordinates": [19.9354465, 50.0654512]}, "properties": {"osm_id": "node/14082165605", "tags": {"amenity": "waste_basket"}}}, {"type": "Feature", "geometry": {"type": "Point", "coordinates": [19.9357833, 50.065555]}, "properties": {"osm_id": "node/14082166102", "tags": {"amenity": "waste_basket"}}}, {"type": "Feature", "geometry": {"type": "Point", "coordinates": [19.936232, 50.0655071]}, "properties": {"osm_id": "node/14082166103", "tags": {"amenity": "waste_basket"}}}, {"type": "Feature", "geometry": {"type": "Point", "coordinates": [19.9359516, 50.0654034]}, "properties": {"osm_id": "node/14082172101", "tags": {"amenity": "waste_basket"}}}, {"type": "Feature", "geometry": {"type": "Point", "coordinates": [19.9366471, 50.0655501]}, "properties": {"osm_id": "node/14082185602", "tags": {"amenity": "waste_basket"}}}, {"type": "Feature", "geometry": {"type": "Point", "coordinates": [19.9365566, 50.0656077]}, "properties": {"osm_id": "node/14082185603", "tags": {"amenity": "waste_basket"}}}, {"type": "Feature", "geometry": {"type": "Point", "coordinates": [19.9370053, 50.0660105]}, "properties": {"osm_id": "node/14082185604", "tags": {"amenity": "waste_basket"}}}, {"type": "Feature", "geometry": {"type": "Point", "coordinates": [19.936289, 50.0658714]}, "properties": {"osm_id": "node/14082192503", "tags": {"amenity": "waste_basket"}}}, {"type": "Feature", "geometry": {"type": "Point", "coordinates": [19.9365383, 50.0659599]}, "properties": {"osm_id": "node/14082192504", "tags": {"amenity": "waste_basket"}}}, {"type": "Feature", "geometry": {"type": "Point", "coordinates": [19.9362646, 50.0657548]}, "properties": {"osm_id": "node/14082198402", "tags": {"amenity": "waste_basket"}}}, {"type": "Feature", "geometry": {"type": "Point", "coordinates": [19.9370237, 50.0658374]}, "properties": {"osm_id": "node/14082201201", "tags": {"amenity": "waste_basket"}}}, {"type": "Feature", "geometry": {"type": "Point", "coordinates": [19.9368648, 50.0655062]}, "properties": {"osm_id": "node/14082204211", "tags": {"amenity": "waste_basket"}}}, {"type": "Feature", "geometry": {"type": "Point", "coordinates": [19.9376118, 50.0655237]}, "properties": {"osm_id": "node/14082204703", "tags": {"amenity": "waste_basket"}}}, {"type": "Feature", "geometry": {"type": "Point", "coordinates": [19.9377745, 50.0654815]}, "properties": {"osm_id": "node/14082204704", "tags": {"amenity": "waste_basket"}}}, {"type": "Feature", "geometry": {"type": "Point", "coordinates": [19.9373286, 50.0659796]}, "properties": {"osm_id": "node/14082227402", "tags": {"amenity": "waste_basket"}}}, {"type": "Feature", "geometry": {"type": "Point", "coordinates": [19.9379058, 50.0660145]}, "properties": {"osm_id": "node/14082227403", "tags": {"amenity": "waste_basket"}}}, {"type": "Feature", "geometry": {"type": "Point", "coordinates": [19.9382114, 50.0656235]}, "properties": {"osm_id": "node/14082233702", "tags": {"amenity": "waste_basket"}}}, {"type": "Feature", "geometry": {"type": "Point", "coordinates": [19.9379298, 50.065904]}, "properties": {"osm_id": "node/14082233703", "tags": {"amenity": "waste_basket"}}}, {"type": "Feature", "geometry": {"type": "Point", "coordinates": [19.9375937, 50.0660921]}, "properties": {"osm_id": "node/14082233704", "tags": {"amenity": "waste_basket"}}}, {"type": "Feature", "geometry": {"type": "Point", "coordinates": [19.9381323, 50.0654857]}, "properties": {"osm_id": "node/14082233801", "tags": {"amenity": "waste_basket"}}}, {"type": "Feature", "geometry": {"type": "Point", "coordinates": [19.9387632, 50.0658274]}, "properties": {"osm_id": "node/14082235701", "tags": {"amenity": "waste_basket"}}}, {"type": "Feature", "geometry": {"type": "Point", "coordinates": [19.9389267, 50.0659299]}, "properties": {"osm_id": "node/14082400002", "tags": {"amenity": "waste_basket"}}}, {"type": "Feature", "geometry": {"type": "Point", "coordinates": [19.9386669, 50.0655034]}, "properties": {"osm_id": "node/14082408401", "tags": {"amenity": "waste_basket"}}}, {"type": "Feature", "geometry": {"type": "Point", "coordinates": [19.9394013, 50.0654394]}, "properties": {"osm_id": "node/14082422101", "tags": {"amenity": "waste_basket"}}}, {"type": "Feature", "geometry": {"type": "Point", "coordinates": [19.9393166, 50.0652927]}, "properties": {"osm_id": "node/14082422102", "tags": {"amenity": "waste_basket"}}}, {"type": "Feature", "geometry": {"type": "Point", "coordinates": [19.9391377, 50.0659456]}, "properties": {"osm_id": "node/14082441001", "tags": {"amenity": "waste_basket"}}}, {"type": "Feature", "geometry": {"type": "Point", "coordinates": [19.9394872, 50.0657779]}, "properties": {"osm_id": "node/14082441101", "tags": {"amenity": "waste_basket"}}}, {"type": "Feature", "geometry": {"type": "Point", "coordinates": [19.9395248, 50.0659836]}, "properties": {"osm_id": "node/14082441102", "tags": {"amenity": "waste_basket"}}}, {"type": "Feature", "geometry": {"type": "Point", "coordinates": [19.9401336, 50.0660019]}, "properties": {"osm_id": "node/14082460701", "tags": {"amenity": "waste_basket"}}}, {"type": "Feature", "geometry": {"type": "Point", "coordinates": [19.9404909, 50.0659069]}, "properties": {"osm_id": "node/14082460702", "tags": {"amenity": "waste_basket"}}}, {"type": "Feature", "geometry": {"type": "Point", "coordinates": [19.9404263, 50.0660223]}, "properties": {"osm_id": "node/14082460801", "tags": {"amenity": "waste_basket"}}}, {"type": "Feature", "geometry": {"type": "Point", "coordinates": [19.9396679, 50.06546]}, "properties": {"osm_id": "node/14082460802", "tags": {"amenity": "waste_basket"}}}, {"type": "Feature", "geometry": {"type": "Point", "coordinates": [19.9402718, 50.0658061]}, "properties": {"osm_id": "node/14082460901", "tags": {"amenity": "waste_basket"}}}, {"type": "Feature", "geometry": {"type": "Point", "coordinates": [19.9401438, 50.0655354]}, "properties": {"osm_id": "node/14082460902", "tags": {"amenity": "waste_basket"}}}, {"type": "Feature", "geometry": {"type": "Point", "coordinates": [19.9409077, 50.0656597]}, "properties": {"osm_id": "node/14082461001", "tags": {"amenity": "waste_basket"}}}, {"type": "Feature", "geometry": {"type": "Point", "coordinates": [19.940649, 50.0652994]}, "properties": {"osm_id": "node/14082461101", "tags": {"amenity": "waste_basket"}}}, {"type": "Feature", "geometry": {"type": "Point", "coordinates": [19.9410156, 50.0652587]}, "properties": {"osm_id": "node/14082465601", "tags": {"amenity": "waste_basket"}}}, {"type": "Feature", "geometry": {"type": "Point", "coordinates": [19.942375, 50.0653367]}, "properties": {"osm_id": "node/14082478003", "tags": {"amenity": "waste_basket"}}}, {"type": "Feature", "geometry": {"type": "Point", "coordinates": [19.9428275, 50.0651874]}, "properties": {"osm_id": "node/14082478004", "tags": {"amenity": "waste_basket"}}}, {"type": "Feature", "geometry": {"type": "Point", "coordinates": [19.9431009, 50.0650831]}, "properties": {"osm_id": "node/14082478005", "tags": {"amenity": "waste_basket"}}}, {"type": "Feature", "geometry": {"type": "Point", "coordinates": [19.9417678, 50.0650759]}, "properties": {"osm_id": "node/14082479501", "tags": {"amenity": "waste_basket"}}}, {"type": "Feature", "geometry": {"type": "Point", "coordinates": [19.9433978, 50.0649873]}, "properties": {"osm_id": "node/14082479502", "tags": {"amenity": "waste_basket"}}}, {"type": "Feature", "geometry": {"type": "Point", "coordinates": [19.9421208, 50.0649792]}, "properties": {"osm_id": "node/14082479601", "tags": {"amenity": "waste_basket"}}}, {"type": "Feature", "geometry": {"type": "Point", "coordinates": [19.9421937, 50.0650099]}, "properties": {"osm_id": "node/14082479701", "tags": {"amenity": "waste_basket"}}}, {"type": "Feature", "geometry": {"type": "Point", "coordinates": [19.9432417, 50.0650784]}, "properties": {"osm_id": "node/14082479702", "tags": {"amenity": "waste_basket"}}}, {"type": "Feature", "geometry": {"type": "Point", "coordinates": [19.9436023, 50.0649514]}, "properties": {"osm_id": "node/14082479801", "tags": {"amenity": "waste_basket"}}}, {"type": "Feature", "geometry": {"type": "Point", "coordinates": [19.943363, 50.0648039]}, "properties": {"osm_id": "node/14082712001", "tags": {"amenity": "waste_basket"}}}, {"type": "Feature", "geometry": {"type": "Point", "coordinates": [19.9438799, 50.0647262]}, "properties": {"osm_id": "node/14083619902", "tags": {"amenity": "waste_basket"}}}, {"type": "Feature", "geometry": {"type": "Point", "coordinates": [19.9438008, 50.0646146]}, "properties": {"osm_id": "node/14083620001", "tags": {"amenity": "waste_basket"}}}, {"type": "Feature", "geometry": {"type": "Point", "coordinates": [19.944378, 50.0641931]}, "properties": {"osm_id": "node/14083638101", "tags": {"amenity": "waste_basket"}}}, {"type": "Feature", "geometry": {"type": "Point", "coordinates": [19.9442444, 50.064197]}, "properties": {"osm_id": "node/14083638102", "tags": {"amenity": "waste_basket"}}}, {"type": "Feature", "geometry": {"type": "Point", "coordinates": [19.9445166, 50.0644133]}, "properties": {"osm_id": "node/14083638201", "tags": {"amenity": "waste_basket"}}}, {"type": "Feature", "geometry": {"type": "Point", "coordinates": [19.9441904, 50.0644354]}, "properties": {"osm_id": "node/14083638202", "tags": {"amenity": "waste_basket"}}}, {"type": "Feature", "geometry": {"type": "Point", "coordinates": [19.9447612, 50.0640328]}, "properties": {"osm_id": "node/14083638203", "tags": {"amenity": "waste_basket"}}}, {"type": "Feature", "geometry": {"type": "Point", "coordinates": [19.9448606, 50.0639009]}, "properties": {"osm_id": "node/14083638204", "tags": {"amenity": "waste_basket"}}}, {"type": "Feature", "geometry": {"type": "Point", "coordinates": [19.9445089, 50.063301]}, "properties": {"osm_id": "node/14083638205", "tags": {"amenity": "waste_basket"}}}, {"type": "Feature", "geometry": {"type": "Point", "coordinates": [19.9443938, 50.0636983]}, "properties": {"osm_id": "node/14083638207", "tags": {"amenity": "waste_basket"}}}, {"type": "Feature", "geometry": {"type": "Point", "coordinates": [19.9444577, 50.0639298]}, "properties": {"osm_id": "node/14083638401", "tags": {"amenity": "waste_basket"}}}, {"type": "Feature", "geometry": {"type": "Point", "coordinates": [19.9446715, 50.0639285]}, "properties": {"osm_id": "node/14083638501", "tags": {"amenity": "waste_basket"}}}, {"type": "Feature", "geometry": {"type": "Point", "coordinates": [19.9448822, 50.0636741]}, "properties": {"osm_id": "node/14083638502", "tags": {"amenity": "waste_basket"}}}, {"type": "Feature", "geometry": {"type": "Point", "coordinates": [19.9447931, 50.0633602]}, "properties": {"osm_id": "node/14083638503", "tags": {"amenity": "waste_basket"}}}, {"type": "Feature", "geometry": {"type": "Point", "coordinates": [19.9443836, 50.0634979]}, "properties": {"osm_id": "node/14083638601", "tags": {"amenity": "waste_basket"}}}, {"type": "Feature", "geometry": {"type": "Point", "coordinates": [19.94433, 50.0629256]}, "properties": {"osm_id": "node/14083638605", "tags": {"amenity": "waste_basket"}}}, {"type": "Feature", "geometry": {"type": "Point", "coordinates": [19.9444925, 50.063154]}, "properties": {"osm_id": "node/14083642101", "tags": {"amenity": "waste_basket"}}}, {"type": "Feature", "geometry": {"type": "Point", "coordinates": [19.9440556, 50.0625488]}, "properties": {"osm_id": "node/14083647002", "tags": {"amenity": "waste_basket"}}}, {"type": "Feature", "geometry": {"type": "Point", "coordinates": [19.9438771, 50.0625106]}, "properties": {"osm_id": "node/14083647801", "tags": {"amenity": "waste_basket"}}}, {"type": "Feature", "geometry": {"type": "Point", "coordinates": [19.9440003, 50.0627269]}, "properties": {"osm_id": "node/14083647901", "tags": {"amenity": "waste_basket"}}}, {"type": "Feature", "geometry": {"type": "Point", "coordinates": [19.9448444, 50.0629002]}, "properties": {"osm_id": "node/14083656802", "tags": {"amenity": "waste_basket"}}}, {"type": "Feature", "geometry": {"type": "Point", "coordinates": [19.9440427, 50.0613426]}, "properties": {"osm_id": "node/14083656803", "tags": {"amenity": "waste_basket"}}}, {"type": "Feature", "geometry": {"type": "Point", "coordinates": [19.9438411, 50.0618787]}, "properties": {"osm_id": "node/14083656804", "tags": {"amenity": "waste_basket"}}}, {"type": "Feature", "geometry": {"type": "Point", "coordinates": [19.9446292, 50.0623385]}, "properties": {"osm_id": "node/14083660901", "tags": {"amenity": "waste_basket"}}}, {"type": "Feature", "geometry": {"type": "Point", "coordinates": [19.9441074, 50.0619836]}, "properties": {"osm_id": "node/14083660902", "tags": {"amenity": "waste_basket"}}}, {"type": "Feature", "geometry": {"type": "Point", "coordinates": [19.9435532, 50.0617474]}, "properties": {"osm_id": "node/14083660903", "tags": {"amenity": "waste_basket"}}}, {"type": "Feature", "geometry": {"type": "Point", "coordinates": [19.9434015, 50.0608367]}, "properties": {"osm_id": "node/14083660904", "tags": {"amenity": "waste_basket"}}}, {"type": "Feature", "geometry": {"type": "Point", "coordinates": [19.9442829, 50.0620098]}, "properties": {"osm_id": "node/14083661001", "tags": {"amenity": "waste_basket"}}}, {"type": "Feature", "geometry": {"type": "Point", "coordinates": [19.9438655, 50.061177]}, "properties": {"osm_id": "node/14083661002", "tags": {"amenity": "waste_basket"}}}, {"type": "Feature", "geometry": {"type": "Point", "coordinates": [19.9439155, 50.0622922]}, "properties": {"osm_id": "node/14083661003", "tags": {"amenity": "waste_basket"}}}, {"type": "Feature", "geometry": {"type": "Point", "coordinates": [19.9443957, 50.0619121]}, "properties": {"osm_id": "node/14083661201", "tags": {"amenity": "waste_basket"}}}, {"type": "Feature", "geometry": {"type": "Point", "coordinates": [19.9437451, 50.0613508]}, "properties": {"osm_id": "node/14083661301", "tags": {"amenity": "waste_basket"}}}, {"type": "Feature", "geometry": {"type": "Point", "coordinates": [19.9439024, 50.0617067]}, "properties": {"osm_id": "node/14083661302", "tags": {"amenity": "waste_basket"}}}, {"type": "Feature", "geometry": {"type": "Point", "coordinates": [19.9439436, 50.0619835]}, "properties": {"osm_id": "node/14083661303", "tags": {"amenity": "waste_basket"}}}, {"type": "Feature", "geometry": {"type": "Point", "coordinates": [19.9438795, 50.062087]}, "properties": {"osm_id": "node/14083661304", "tags": {"amenity": "waste_basket"}}}, {"type": "Feature", "geometry": {"type": "Point", "coordinates": [19.9439817, 50.0621856]}, "properties": {"osm_id": "node/14083661305", "tags": {"amenity": "waste_basket"}}}, {"type": "Feature", "geometry": {"type": "Point", "coordinates": [19.9437098, 50.0611144]}, "properties": {"osm_id": "node/14083661309", "tags": {"amenity": "waste_basket"}}}, {"type": "Feature", "geometry": {"type": "Point", "coordinates": [19.9429676, 50.0605401]}, "properties": {"osm_id": "node/14083661605", "tags": {"amenity": "waste_basket"}}}, {"type": "Feature", "geometry": {"type": "Point", "coordinates": [19.9431463, 50.0606416]}, "properties": {"osm_id": "node/14083662204", "tags": {"amenity": "waste_basket"}}}, {"type": "Feature", "geometry": {"type": "Point", "coordinates": [19.9427107, 50.0605049]}, "properties": {"osm_id": "node/14083704401", "tags": {"amenity": "waste_basket"}}}, {"type": "Feature", "geometry": {"type": "Point", "coordinates": [19.9420724, 50.0604298]}, "properties": {"osm_id": "node/14083704402", "tags": {"amenity": "waste_basket"}}}, {"type": "Feature", "geometry": {"type": "Point", "coordinates": [19.9416296, 50.0600801]}, "properties": {"osm_id": "node/14083704403", "tags": {"amenity": "waste_basket"}}}, {"type": "Feature", "geometry": {"type": "Point", "coordinates": [19.9409605, 50.0597527]}, "properties": {"osm_id": "node/14083704405", "tags": {"amenity": "waste_basket"}}}, {"type": "Feature", "geometry": {"type": "Point", "coordinates": [19.9409522, 50.0598796]}, "properties": {"osm_id": "node/14083704504", "tags": {"amenity": "waste_basket"}}}, {"type": "Feature", "geometry": {"type": "Point", "coordinates": [19.9418568, 50.0604678]}, "properties": {"osm_id": "node/14083704601", "tags": {"amenity": "waste_basket"}}}, {"type": "Feature", "geometry": {"type": "Point", "coordinates": [19.940783, 50.0596347]}, "properties": {"osm_id": "node/14083704604", "tags": {"amenity": "waste_basket"}}}, {"type": "Feature", "geometry": {"type": "Point", "coordinates": [19.9424407, 50.0599213]}, "properties": {"osm_id": "node/14083704801", "tags": {"amenity": "waste_basket"}}}, {"type": "Feature", "geometry": {"type": "Point", "coordinates": [19.9424228, 50.060313]}, "properties": {"osm_id": "node/14083704802", "tags": {"amenity": "waste_basket"}}}, {"type": "Feature", "geometry": {"type": "Point", "coordinates": [19.941191, 50.0603221]}, "properties": {"osm_id": "node/14083704804", "tags": {"amenity": "waste_basket"}}}, {"type": "Feature", "geometry": {"type": "Point", "coordinates": [19.9411913, 50.060216]}, "properties": {"osm_id": "node/14083704805", "tags": {"amenity": "waste_basket"}}}, {"type": "Feature", "geometry": {"type": "Point", "coordinates": [19.9405726, 50.0591068]}, "properties": {"osm_id": "node/14083722202", "tags": {"amenity": "waste_basket"}}}, {"type": "Feature", "geometry": {"type": "Point", "coordinates": [19.9410159, 50.0591919]}, "properties": {"osm_id": "node/14083722203", "tags": {"amenity": "waste_basket"}}}, {"type": "Feature", "geometry": {"type": "Point", "coordinates": [19.9418132, 50.0597708]}, "properties": {"osm_id": "node/14083722204", "tags": {"amenity": "waste_basket"}}}, {"type": "Feature", "geometry": {"type": "Point", "coordinates": [19.9410131, 50.0596487]}, "properties": {"osm_id": "node/14083723202", "tags": {"amenity": "waste_basket"}}}, {"type": "Feature", "geometry": {"type": "Point", "coordinates": [19.9406934, 50.0593611]}, "properties": {"osm_id": "node/14083723203", "tags": {"amenity": "waste_basket"}}}, {"type": "Feature", "geometry": {"type": "Point", "coordinates": [19.9413871, 50.0593147]}, "properties": {"osm_id": "node/14083723302", "tags": {"amenity": "waste_basket"}}}, {"type": "Feature", "geometry": {"type": "Point", "coordinates": [19.9404183, 50.0591057]}, "properties": {"osm_id": "node/14083723401", "tags": {"amenity": "waste_basket"}}}, {"type": "Feature", "geometry": {"type": "Point", "coordinates": [19.9419368, 50.059807]}, "properties": {"osm_id": "node/14083723402", "tags": {"amenity": "waste_basket"}}}, {"type": "Feature", "geometry": {"type": "Point", "coordinates": [19.9417587, 50.0595459]}, "properties": {"osm_id": "node/14083723601", "tags": {"amenity": "waste_basket"}}}, {"type": "Feature", "geometry": {"type": "Point", "coordinates": [19.9414566, 50.0598826]}, "properties": {"osm_id": "node/14083727501", "tags": {"amenity": "waste_basket"}}}, {"type": "Feature", "geometry": {"type": "Point", "coordinates": [19.9413109, 50.0597234]}, "properties": {"osm_id": "node/14083727601", "tags": {"amenity": "waste_basket"}}}, {"type": "Feature", "geometry": {"type": "Point", "coordinates": [19.9404304, 50.058928]}, "properties": {"osm_id": "node/14083927801", "tags": {"amenity": "waste_basket"}}}, {"type": "Feature", "geometry": {"type": "Point", "coordinates": [19.9403386, 50.0584533]}, "properties": {"osm_id": "node/14083927802", "tags": {"amenity": "waste_basket"}}}, {"type": "Feature", "geometry": {"type": "Point", "coordinates": [19.9403033, 50.0586853]}, "properties": {"osm_id": "node/14083927901", "tags": {"amenity": "waste_basket"}}}, {"type": "Feature", "geometry": {"type": "Point", "coordinates": [19.9405833, 50.0582208]}, "properties": {"osm_id": "node/14083928401", "tags": {"amenity": "waste_basket"}}}, {"type": "Feature", "geometry": {"type": "Point", "coordinates": [19.9402138, 50.0582136]}, "properties": {"osm_id": "node/14083941602", "tags": {"amenity": "waste_basket"}}}, {"type": "Feature", "geometry": {"type": "Point", "coordinates": [19.9401533, 50.0578899]}, "properties": {"osm_id": "node/14083941603", "tags": {"amenity": "waste_basket"}}}, {"type": "Feature", "geometry": {"type": "Point", "coordinates": [19.9401232, 50.0576939]}, "properties": {"osm_id": "node/14083941604", "tags": {"amenity": "waste_basket"}}}, {"type": "Feature", "geometry": {"type": "Point", "coordinates": [19.9402038, 50.0576499]}, "properties": {"osm_id": "node/14083941605", "tags": {"amenity": "waste_basket"}}}, {"type": "Feature", "geometry": {"type": "Point", "coordinates": [19.9401404, 50.0573144]}, "properties": {"osm_id": "node/14083941606", "tags": {"amenity": "waste_basket"}}}, {"type": "Feature", "geometry": {"type": "Point", "coordinates": [19.9400362, 50.0571816]}, "properties": {"osm_id": "node/14083941607", "tags": {"amenity": "waste_basket"}}}, {"type": "Feature", "geometry": {"type": "Point", "coordinates": [19.9402818, 50.0580742]}, "properties": {"osm_id": "node/14083948101", "tags": {"amenity": "waste_basket"}}}, {"type": "Feature", "geometry": {"type": "Point", "coordinates": [19.9403215, 50.0569959]}, "properties": {"osm_id": "node/14083948102", "tags": {"amenity": "waste_basket"}}}, {"type": "Feature", "geometry": {"type": "Point", "coordinates": [19.9400785, 50.057467]}, "properties": {"osm_id": "node/14083948201", "tags": {"amenity": "waste_basket"}}}, {"type": "Feature", "geometry": {"type": "Point", "coordinates": [19.9400779, 50.0569667]}, "properties": {"osm_id": "node/14083948301", "tags": {"amenity": "waste_basket"}}}, {"type": "Feature", "geometry": {"type": "Point", "coordinates": [19.9400437, 50.0568446]}, "properties": {"osm_id": "node/14084036801", "tags": {"amenity": "waste_basket"}}}, {"type": "Feature", "geometry": {"type": "Point", "coordinates": [19.9400583, 50.0558297]}, "properties": {"osm_id": "node/14084036802", "tags": {"amenity": "waste_basket"}}}, {"type": "Feature", "geometry": {"type": "Point", "coordinates": [19.9398949, 50.0566579]}, "properties": {"osm_id": "node/14084036901", "tags": {"amenity": "waste_basket"}}}, {"type": "Feature", "geometry": {"type": "Point", "coordinates": [19.9399113, 50.0565078]}, "properties": {"osm_id": "node/14084037101", "tags": {"amenity": "waste_basket"}}}, {"type": "Feature", "geometry": {"type": "Point", "coordinates": [19.9397255, 50.0562544]}, "properties": {"osm_id": "node/14084037103", "tags": {"amenity": "waste_basket"}}}, {"type": "Feature", "geometry": {"type": "Point", "coordinates": [19.939716, 50.0560006]}, "properties": {"osm_id": "node/14084037702", "tags": {"amenity": "waste_basket"}}}, {"type": "Feature", "geometry": {"type": "Point", "coordinates": [19.9397338, 50.0558627]}, "properties": {"osm_id": "node/14084038201", "tags": {"amenity": "waste_basket"}}}, {"type": "Feature", "geometry": {"type": "Point", "coordinates": [19.939369, 50.0553149]}, "properties": {"osm_id": "node/14084141103", "tags": {"amenity": "waste_basket"}}}, {"type": "Feature", "geometry": {"type": "Point", "coordinates": [19.9392043, 50.0549167]}, "properties": {"osm_id": "node/14084141104", "tags": {"amenity": "waste_basket"}}}, {"type": "Feature", "geometry": {"type": "Point", "coordinates": [19.9395018, 50.0556862]}, "properties": {"osm_id": "node/14084144301", "tags": {"amenity": "waste_basket"}}}, {"type": "Feature", "geometry": {"type": "Point", "coordinates": [19.9396874, 50.0556729]}, "properties": {"osm_id": "node/14084144501", "tags": {"amenity": "waste_basket"}}}, {"type": "Feature", "geometry": {"type": "Point", "coordinates": [19.9395347, 50.0555127]}, "properties": {"osm_id": "node/14084144502", "tags": {"amenity": "waste_basket"}}}, {"type": "Feature", "geometry": {"type": "Point", "coordinates": [19.9391172, 50.0546929]}, "properties": {"osm_id": "node/14084144701", "tags": {"amenity": "waste_basket"}}}, {"type": "Feature", "geometry": {"type": "Point", "coordinates": [19.9390276, 50.0544734]}, "properties": {"osm_id": "node/14084144702", "tags": {"amenity": "waste_basket"}}}, {"type": "Feature", "geometry": {"type": "Point", "coordinates": [19.9356781, 50.05559]}, "properties": {"osm_id": "node/14084225301", "tags": {"amenity": "waste_basket"}}}, {"type": "Feature", "geometry": {"type": "Point", "coordinates": [19.9357024, 50.055896]}, "properties": {"osm_id": "node/14084225303", "tags": {"amenity": "waste_basket"}}}, {"type": "Feature", "geometry": {"type": "Point", "coordinates": [19.9356156, 50.0561472]}, "properties": {"osm_id": "node/14084225304", "tags": {"amenity": "waste_basket"}}}, {"type": "Feature", "geometry": {"type": "Point", "coordinates": [19.9355421, 50.0563466]}, "properties": {"osm_id": "node/14084225305", "tags": {"amenity": "waste_basket"}}}, {"type": "Feature", "geometry": {"type": "Point", "coordinates": [19.9354267, 50.0566875]}, "properties": {"osm_id": "node/14084225306", "tags": {"amenity": "waste_basket"}}}, {"type": "Feature", "geometry": {"type": "Point", "coordinates": [19.9351404, 50.0574681]}, "properties": {"osm_id": "node/14084225307", "tags": {"amenity": "waste_basket"}}}, {"type": "Feature", "geometry": {"type": "Point", "coordinates": [19.9351949, 50.0575765]}, "properties": {"osm_id": "node/14084225308", "tags": {"amenity": "waste_basket"}}}, {"type": "Feature", "geometry": {"type": "Point", "coordinates": [19.9349994, 50.0577544]}, "properties": {"osm_id": "node/14084225309", "tags": {"amenity": "waste_basket"}}}, {"type": "Feature", "geometry": {"type": "Point", "coordinates": [19.9350419, 50.0579991]}, "properties": {"osm_id": "node/14084225310", "tags": {"amenity": "waste_basket"}}}, {"type": "Feature", "geometry": {"type": "Point", "coordinates": [19.9349274, 50.0581032]}, "properties": {"osm_id": "node/14084225311", "tags": {"amenity": "waste_basket"}}}, {"type": "Feature", "geometry": {"type": "Point", "coordinates": [19.934835, 50.0583577]}, "properties": {"osm_id": "node/14084225312", "tags": {"amenity": "waste_basket"}}}, {"type": "Feature", "geometry": {"type": "Point", "coordinates": [19.9358641, 50.0557003]}, "properties": {"osm_id": "node/14084225401", "tags": {"amenity": "waste_basket"}}}, {"type": "Feature", "geometry": {"type": "Point", "coordinates": [19.9355366, 50.0566086]}, "properties": {"osm_id": "node/14084225402", "tags": {"amenity": "waste_basket"}}}, {"type": "Feature", "geometry": {"type": "Point", "coordinates": [19.934948, 50.0582729]}, "properties": {"osm_id": "node/14084225403", "tags": {"amenity": "waste_basket"}}}, {"type": "Feature", "geometry": {"type": "Point", "coordinates": [19.9347817, 50.0587483]}, "properties": {"osm_id": "node/14084225404", "tags": {"amenity": "waste_basket"}}}, {"type": "Feature", "geometry": {"type": "Point", "coordinates": [19.9345793, 50.0590798]}, "properties": {"osm_id": "node/14084225405", "tags": {"amenity": "waste_basket"}}}, {"type": "Feature", "geometry": {"type": "Point", "coordinates": [19.9347349, 50.059443]}, "properties": {"osm_id": "node/14084225406", "tags": {"amenity": "waste_basket"}}}, {"type": "Feature", "geometry": {"type": "Point", "coordinates": [19.9340398, 50.0600236]}, "properties": {"osm_id": "node/14084225408", "tags": {"amenity": "waste_basket"}}}, {"type": "Feature", "geometry": {"type": "Point", "coordinates": [19.9328802, 50.0605827]}, "properties": {"osm_id": "node/14084225410", "tags": {"amenity": "waste_basket"}}}, {"type": "Feature", "geometry": {"type": "Point", "coordinates": [19.9326311, 50.0608357]}, "properties": {"osm_id": "node/14084225411", "tags": {"amenity": "waste_basket"}}}, {"type": "Feature", "geometry": {"type": "Point", "coordinates": [19.9323903, 50.0614235]}, "properties": {"osm_id": "node/14084225412", "tags": {"amenity": "waste_basket"}}}, {"type": "Feature", "geometry": {"type": "Point", "coordinates": [19.9324865, 50.0615224]}, "properties": {"osm_id": "node/14084225413", "tags": {"amenity": "waste_basket"}}}, {"type": "Feature", "geometry": {"type": "Point", "coordinates": [19.9321653, 50.0619678]}, "properties": {"osm_id": "node/14084225415", "tags": {"amenity": "waste_basket"}}}, {"type": "Feature", "geometry": {"type": "Point", "coordinates": [19.9320241, 50.0619154]}, "properties": {"osm_id": "node/14084225416", "tags": {"amenity": "waste_basket"}}}, {"type": "Feature", "geometry": {"type": "Point", "coordinates": [19.9325245, 50.0619242]}, "properties": {"osm_id": "node/14084225417", "tags": {"amenity": "waste_basket"}}}, {"type": "Feature", "geometry": {"type": "Point", "coordinates": [19.9357646, 50.0557079]}, "properties": {"osm_id": "node/14084225501", "tags": {"amenity": "waste_basket"}}}, {"type": "Feature", "geometry": {"type": "Point", "coordinates": [19.935737, 50.0560299]}, "properties": {"osm_id": "node/14084225503", "tags": {"amenity": "waste_basket"}}}, {"type": "Feature", "geometry": {"type": "Point", "coordinates": [19.9355033, 50.0564764]}, "properties": {"osm_id": "node/14084225504", "tags": {"amenity": "waste_basket"}}}, {"type": "Feature", "geometry": {"type": "Point", "coordinates": [19.9353506, 50.0571356]}, "properties": {"osm_id": "node/14084225505", "tags": {"amenity": "waste_basket"}}}, {"type": "Feature", "geometry": {"type": "Point", "coordinates": [19.9351515, 50.0578401]}, "properties": {"osm_id": "node/14084225506", "tags": {"amenity": "waste_basket"}}}, {"type": "Feature", "geometry": {"type": "Point", "coordinates": [19.9348811, 50.0584713]}, "properties": {"osm_id": "node/14084225507", "tags": {"amenity": "waste_basket"}}}, {"type": "Feature", "geometry": {"type": "Point", "coordinates": [19.9346702, 50.0592273]}, "properties": {"osm_id": "node/14084225508", "tags": {"amenity": "waste_basket"}}}, {"type": "Feature", "geometry": {"type": "Point", "coordinates": [19.9344895, 50.0591615]}, "properties": {"osm_id": "node/14084225509", "tags": {"amenity": "waste_basket"}}}, {"type": "Feature", "geometry": {"type": "Point", "coordinates": [19.9342173, 50.0600058]}, "properties": {"osm_id": "node/14084225510", "tags": {"amenity": "waste_basket"}}}, {"type": "Feature", "geometry": {"type": "Point", "coordinates": [19.9338388, 50.0600966]}, "properties": {"osm_id": "node/14084225511", "tags": {"amenity": "waste_basket"}}}, {"type": "Feature", "geometry": {"type": "Point", "coordinates": [19.9330619, 50.0604401]}, "properties": {"osm_id": "node/14084225513", "tags": {"amenity": "waste_basket"}}}, {"type": "Feature", "geometry": {"type": "Point", "coordinates": [19.9325974, 50.0603796]}, "properties": {"osm_id": "node/14084225514", "tags": {"amenity": "waste_basket"}}}, {"type": "Feature", "geometry": {"type": "Point", "coordinates": [19.9325176, 50.0607556]}, "properties": {"osm_id": "node/14084225516", "tags": {"amenity": "waste_basket"}}}, {"type": "Feature", "geometry": {"type": "Point", "coordinates": [19.9322533, 50.0611802]}, "properties": {"osm_id": "node/14084225517", "tags": {"amenity": "waste_basket"}}}, {"type": "Feature", "geometry": {"type": "Point", "coordinates": [19.9328879, 50.0611564]}, "properties": {"osm_id": "node/14084225518", "tags": {"amenity": "waste_basket"}}}, {"type": "Feature", "geometry": {"type": "Point", "coordinates": [19.9323609, 50.0619244]}, "properties": {"osm_id": "node/14084225521", "tags": {"amenity": "waste_basket"}}}, {"type": "Feature", "geometry": {"type": "Point", "coordinates": [19.9322343, 50.0618828]}, "properties": {"osm_id": "node/14084225522", "tags": {"amenity": "waste_basket"}}}, {"type": "Feature", "geometry": {"type": "Point", "coordinates": [19.9325179, 50.0620404]}, "properties": {"osm_id": "node/14084225523", "tags": {"amenity": "waste_basket"}}}, {"type": "Feature", "geometry": {"type": "Point", "coordinates": [19.9358196, 50.0558268]}, "properties": {"osm_id": "node/14084225601", "tags": {"amenity": "waste_basket"}}}, {"type": "Feature", "geometry": {"type": "Point", "coordinates": [19.9356635, 50.0562647]}, "properties": {"osm_id": "node/14084225602", "tags": {"amenity": "waste_basket"}}}, {"type": "Feature", "geometry": {"type": "Point", "coordinates": [19.9354742, 50.0568047]}, "properties": {"osm_id": "node/14084225603", "tags": {"amenity": "waste_basket"}}}, {"type": "Feature", "geometry": {"type": "Point", "coordinates": [19.9352616, 50.0573826]}, "properties": {"osm_id": "node/14084225604", "tags": {"amenity": "waste_basket"}}}, {"type": "Feature", "geometry": {"type": "Point", "coordinates": [19.9350777, 50.0576645]}, "properties": {"osm_id": "node/14084225605", "tags": {"amenity": "waste_basket"}}}, {"type": "Feature", "geometry": {"type": "Point", "coordinates": [19.9351155, 50.0577805]}, "properties": {"osm_id": "node/14084225606", "tags": {"amenity": "waste_basket"}}}, {"type": "Feature", "geometry": {"type": "Point", "coordinates": [19.9348607, 50.0586488]}, "properties": {"osm_id": "node/14084225609", "tags": {"amenity": "waste_basket"}}}, {"type": "Feature", "geometry": {"type": "Point", "coordinates": [19.9339789, 50.0601058]}, "properties": {"osm_id": "node/14084225611", "tags": {"amenity": "waste_basket"}}}, {"type": "Feature", "geometry": {"type": "Point", "coordinates": [19.9332773, 50.0603477]}, "properties": {"osm_id": "node/14084225612", "tags": {"amenity": "waste_basket"}}}, {"type": "Feature", "geometry": {"type": "Point", "coordinates": [19.9326516, 50.0605672]}, "properties": {"osm_id": "node/14084225614", "tags": {"amenity": "waste_basket"}}}, {"type": "Feature", "geometry": {"type": "Point", "coordinates": [19.9323317, 50.060975]}, "properties": {"osm_id": "node/14084225615", "tags": {"amenity": "waste_basket"}}}, {"type": "Feature", "geometry": {"type": "Point", "coordinates": [19.9324131, 50.0616294]}, "properties": {"osm_id": "node/14084225616", "tags": {"amenity": "waste_basket"}}}, {"type": "Feature", "geometry": {"type": "Point", "coordinates": [19.9324219, 50.0618408]}, "properties": {"osm_id": "node/14084225618", "tags": {"amenity": "waste_basket"}}}, {"type": "Feature", "geometry": {"type": "Point", "coordinates": [19.9328283, 50.0622717]}, "properties": {"osm_id": "node/14084225620", "tags": {"amenity": "waste_basket"}}}, {"type": "Feature", "geometry": {"type": "Point", "coordinates": [19.9354123, 50.0569405]}, "properties": {"osm_id": "node/14084225701", "tags": {"amenity": "waste_basket"}}}, {"type": "Feature", "geometry": {"type": "Point", "coordinates": [19.9347686, 50.0585602]}, "properties": {"osm_id": "node/14084225702", "tags": {"amenity": "waste_basket"}}}, {"type": "Feature", "geometry": {"type": "Point", "coordinates": [19.9346676, 50.058841]}, "properties": {"osm_id": "node/14084225703", "tags": {"amenity": "waste_basket"}}}, {"type": "Feature", "geometry": {"type": "Point", "coordinates": [19.9336551, 50.060181]}, "properties": {"osm_id": "node/14084225704", "tags": {"amenity": "waste_basket"}}}, {"type": "Feature", "geometry": {"type": "Point", "coordinates": [19.9334679, 50.0603215]}, "properties": {"osm_id": "node/14084225705", "tags": {"amenity": "waste_basket"}}}, {"type": "Feature", "geometry": {"type": "Point", "coordinates": [19.9328381, 50.0604929]}, "properties": {"osm_id": "node/14084225706", "tags": {"amenity": "waste_basket"}}}, {"type": "Feature", "geometry": {"type": "Point", "coordinates": [19.9344168, 50.05952]}, "properties": {"osm_id": "node/14084225901", "tags": {"amenity": "waste_basket"}}}, {"type": "Feature", "geometry": {"type": "Point", "coordinates": [19.9343479, 50.0597168]}, "properties": {"osm_id": "node/14084225902", "tags": {"amenity": "waste_basket"}}}, {"type": "Feature", "geometry": {"type": "Point", "coordinates": [19.934261, 50.0568675]}, "properties": {"osm_id": "node/14085554902", "tags": {"amenity": "waste_basket"}}}, {"type": "Feature", "geometry": {"type": "Point", "coordinates": [19.9343658, 50.0576057]}, "properties": {"osm_id": "node/14085556303", "tags": {"amenity": "waste_basket"}}}, {"type": "Feature", "geometry": {"type": "Point", "coordinates": [19.9356766, 50.0557071]}, "properties": {"osm_id": "node/14085574301", "tags": {"amenity": "waste_basket"}}}, {"type": "Feature", "geometry": {"type": "Point", "coordinates": [19.935582, 50.0558271]}, "properties": {"osm_id": "node/14085574302", "tags": {"amenity": "waste_basket"}}}, {"type": "Feature", "geometry": {"type": "Point", "coordinates": [19.9351068, 50.0565337]}, "properties": {"osm_id": "node/14085574303", "tags": {"amenity": "waste_basket"}}}, {"type": "Feature", "geometry": {"type": "Point", "coordinates": [19.9355319, 50.0557757]}, "properties": {"osm_id": "node/14085574401", "tags": {"amenity": "waste_basket"}}}, {"type": "Feature", "geometry": {"type": "Point", "coordinates": [19.9354111, 50.055941]}, "properties": {"osm_id": "node/14085574402", "tags": {"amenity": "waste_basket"}}}, {"type": "Feature", "geometry": {"type": "Point", "coordinates": [19.9354613, 50.0559817]}, "properties": {"osm_id": "node/14085574403", "tags": {"amenity": "waste_basket"}}}, {"type": "Feature", "geometry": {"type": "Point", "coordinates": [19.9352897, 50.0562391]}, "properties": {"osm_id": "node/14085574702", "tags": {"amenity": "waste_basket"}}}, {"type": "Feature", "geometry": {"type": "Point", "coordinates": [19.935166, 50.0564072]}, "properties": {"osm_id": "node/14085574902", "tags": {"amenity": "waste_basket"}}}, {"type": "Feature", "geometry": {"type": "Point", "coordinates": [19.9349283, 50.0567985]}, "properties": {"osm_id": "node/14085574905", "tags": {"amenity": "waste_basket"}}}, {"type": "Feature", "geometry": {"type": "Point", "coordinates": [19.9348282, 50.0564889]}, "properties": {"osm_id": "node/14085580801", "tags": {"amenity": "waste_basket"}}}, {"type": "Feature", "geometry": {"type": "Point", "coordinates": [19.9347321, 50.056309]}, "properties": {"osm_id": "node/14085580901", "tags": {"amenity": "waste_basket"}}}, {"type": "Feature", "geometry": {"type": "Point", "coordinates": [19.9346025, 50.056105]}, "properties": {"osm_id": "node/14085580902", "tags": {"amenity": "waste_basket"}}}, {"type": "Feature", "geometry": {"type": "Point", "coordinates": [19.9346681, 50.0567629]}, "properties": {"osm_id": "node/14085586501", "tags": {"amenity": "waste_basket"}}}, {"type": "Feature", "geometry": {"type": "Point", "coordinates": [19.934774, 50.0568515]}, "properties": {"osm_id": "node/14085598601", "tags": {"amenity": "waste_basket"}}}, {"type": "Feature", "geometry": {"type": "Point", "coordinates": [19.9347732, 50.0569883]}, "properties": {"osm_id": "node/14085598701", "tags": {"amenity": "waste_basket"}}}, {"type": "Feature", "geometry": {"type": "Point", "coordinates": [19.934538, 50.0572319]}, "properties": {"osm_id": "node/14085598702", "tags": {"amenity": "waste_basket"}}}, {"type": "Feature", "geometry": {"type": "Point", "coordinates": [19.9346642, 50.057046]}, "properties": {"osm_id": "node/14085598901", "tags": {"amenity": "waste_basket"}}}, {"type": "Feature", "geometry": {"type": "Point", "coordinates": [19.9346596, 50.057167]}, "properties": {"osm_id": "node/14085599001", "tags": {"amenity": "waste_basket"}}}, {"type": "Feature", "geometry": {"type": "Point", "coordinates": [19.9345065, 50.0573849]}, "properties": {"osm_id": "node/14085599101", "tags": {"amenity": "waste_basket"}}}, {"type": "Feature", "geometry": {"type": "Point", "coordinates": [19.9343467, 50.0573334]}, "properties": {"osm_id": "node/14085599201", "tags": {"amenity": "waste_basket"}}}, {"type": "Feature", "geometry": {"type": "Point", "coordinates": [19.9341035, 50.0572217]}, "properties": {"osm_id": "node/14085599301", "tags": {"amenity": "waste_basket"}}}, {"type": "Feature", "geometry": {"type": "Point", "coordinates": [19.9343466, 50.0574905]}, "properties": {"osm_id": "node/14085599401", "tags": {"amenity": "waste_basket"}}}, {"type": "Feature", "geometry": {"type": "Point", "coordinates": [19.9336285, 50.0585658]}, "properties": {"osm_id": "node/14085635002", "tags": {"amenity": "waste_basket"}}}, {"type": "Feature", "geometry": {"type": "Point", "coordinates": [19.9337262, 50.0588742]}, "properties": {"osm_id": "node/14085635003", "tags": {"amenity": "waste_basket"}}}, {"type": "Feature", "geometry": {"type": "Point", "coordinates": [19.9338523, 50.0589251]}, "properties": {"osm_id": "node/14085635004", "tags": {"amenity": "waste_basket"}}}, {"type": "Feature", "geometry": {"type": "Point", "coordinates": [19.9340982, 50.0578656]}, "properties": {"osm_id": "node/14085638803", "tags": {"amenity": "waste_basket"}}}, {"type": "Feature", "geometry": {"type": "Point", "coordinates": [19.9338621, 50.0582162]}, "properties": {"osm_id": "node/14085638804", "tags": {"amenity": "waste_basket"}}}, {"type": "Feature", "geometry": {"type": "Point", "coordinates": [19.9336155, 50.0586964]}, "properties": {"osm_id": "node/14085638805", "tags": {"amenity": "waste_basket"}}}, {"type": "Feature", "geometry": {"type": "Point", "coordinates": [19.9334693, 50.0586554]}, "properties": {"osm_id": "node/14085638806", "tags": {"amenity": "waste_basket"}}}, {"type": "Feature", "geometry": {"type": "Point", "coordinates": [19.9342298, 50.0576873]}, "properties": {"osm_id": "node/14085640401", "tags": {"amenity": "waste_basket"}}}, {"type": "Feature", "geometry": {"type": "Point", "coordinates": [19.9338722, 50.0583238]}, "properties": {"osm_id": "node/14085640402", "tags": {"amenity": "waste_basket"}}}, {"type": "Feature", "geometry": {"type": "Point", "coordinates": [19.9344778, 50.059]}, "properties": {"osm_id": "node/14085640403", "tags": {"amenity": "waste_basket"}}}, {"type": "Feature", "geometry": {"type": "Point", "coordinates": [19.9341848, 50.0583748]}, "properties": {"osm_id": "node/14085640404", "tags": {"amenity": "waste_basket"}}}, {"type": "Feature", "geometry": {"type": "Point", "coordinates": [19.9337987, 50.0584916]}, "properties": {"osm_id": "node/14085640405", "tags": {"amenity": "waste_basket"}}}, {"type": "Feature", "geometry": {"type": "Point", "coordinates": [19.9346949, 50.057536]}, "properties": {"osm_id": "node/14085640502", "tags": {"amenity": "waste_basket"}}}, {"type": "Feature", "geometry": {"type": "Point", "coordinates": [19.9342489, 50.0585704]}, "properties": {"osm_id": "node/14085640503", "tags": {"amenity": "waste_basket"}}}, {"type": "Feature", "geometry": {"type": "Point", "coordinates": [19.934352, 50.0583882]}, "properties": {"osm_id": "node/14085640504", "tags": {"amenity": "waste_basket"}}}, {"type": "Feature", "geometry": {"type": "Point", "coordinates": [19.9341549, 50.0579596]}, "properties": {"osm_id": "node/14085640506", "tags": {"amenity": "waste_basket"}}}, {"type": "Feature", "geometry": {"type": "Point", "coordinates": [19.9344829, 50.0582089]}, "properties": {"osm_id": "node/14085640507", "tags": {"amenity": "waste_basket"}}}, {"type": "Feature", "geometry": {"type": "Point", "coordinates": [19.9348901, 50.0579688]}, "properties": {"osm_id": "node/14085640508", "tags": {"amenity": "waste_basket"}}}, {"type": "Feature", "geometry": {"type": "Point", "coordinates": [19.9348782, 50.0576312]}, "properties": {"osm_id": "node/14085640601", "tags": {"amenity": "waste_basket"}}}, {"type": "Feature", "geometry": {"type": "Point", "coordinates": [19.9335941, 50.0583187]}, "properties": {"osm_id": "node/14085640602", "tags": {"amenity": "waste_basket"}}}, {"type": "Feature", "geometry": {"type": "Point", "coordinates": [19.9337373, 50.0583929]}, "properties": {"osm_id": "node/14085640801", "tags": {"amenity": "waste_basket"}}}, {"type": "Feature", "geometry": {"type": "Point", "coordinates": [19.9342246, 50.0581646]}, "properties": {"osm_id": "node/14085641001", "tags": {"amenity": "waste_basket"}}}, {"type": "Feature", "geometry": {"type": "Point", "coordinates": [19.9342615, 50.0593024]}, "properties": {"osm_id": "node/14085655101", "tags": {"amenity": "waste_basket"}}}, {"type": "Feature", "geometry": {"type": "Point", "coordinates": [19.9339422, 50.059182]}, "properties": {"osm_id": "node/14085663301", "tags": {"amenity": "waste_basket"}}}, {"type": "Feature", "geometry": {"type": "Point", "coordinates": [19.9337837, 50.059399]}, "properties": {"osm_id": "node/14085663302", "tags": {"amenity": "waste_basket"}}}, {"type": "Feature", "geometry": {"type": "Point", "coordinates": [19.93367, 50.0590931]}, "properties": {"osm_id": "node/14085663401", "tags": {"amenity": "waste_basket"}}}, {"type": "Feature", "geometry": {"type": "Point", "coordinates": [19.9336161, 50.0592002]}, "properties": {"osm_id": "node/14085663501", "tags": {"amenity": "waste_basket"}}}, {"type": "Feature", "geometry": {"type": "Point", "coordinates": [19.9337438, 50.0592366]}, "properties": {"osm_id": "node/14085663502", "tags": {"amenity": "waste_basket"}}}, {"type": "Feature", "geometry": {"type": "Point", "coordinates": [19.9339665, 50.0596005]}, "properties": {"osm_id": "node/14085682701", "tags": {"amenity": "waste_basket"}}}, {"type": "Feature", "geometry": {"type": "Point", "coordinates": [19.933755, 50.0599267]}, "properties": {"osm_id": "node/14085682702", "tags": {"amenity": "waste_basket"}}}, {"type": "Feature", "geometry": {"type": "Point", "coordinates": [19.9332435, 50.0593003]}, "properties": {"osm_id": "node/14085682703", "tags": {"amenity": "waste_basket"}}}, {"type": "Feature", "geometry": {"type": "Point", "coordinates": [19.9333613, 50.0592161]}, "properties": {"osm_id": "node/14085682704", "tags": {"amenity": "waste_basket"}}}, {"type": "Feature", "geometry": {"type": "Point", "coordinates": [19.9341138, 50.0596636]}, "properties": {"osm_id": "node/14085682801", "tags": {"amenity": "waste_basket"}}}, {"type": "Feature", "geometry": {"type": "Point", "coordinates": [19.9341923, 50.0597582]}, "properties": {"osm_id": "node/14085682901", "tags": {"amenity": "waste_basket"}}}, {"type": "Feature", "geometry": {"type": "Point", "coordinates": [19.9341241, 50.0598011]}, "properties": {"osm_id": "node/14085682902", "tags": {"amenity": "waste_basket"}}}, {"type": "Feature", "geometry": {"type": "Point", "coordinates": [19.9336627, 50.0600247]}, "properties": {"osm_id": "node/14085682903", "tags": {"amenity": "waste_basket"}}}, {"type": "Feature", "geometry": {"type": "Point", "coordinates": [19.9332735, 50.0594101]}, "properties": {"osm_id": "node/14085682904", "tags": {"amenity": "waste_basket"}}}, {"type": "Feature", "geometry": {"type": "Point", "coordinates": [19.9336148, 50.0598384]}, "properties": {"osm_id": "node/14085683001", "tags": {"amenity": "waste_basket"}}}, {"type": "Feature", "geometry": {"type": "Point", "coordinates": [19.9334554, 50.0599256]}, "properties": {"osm_id": "node/14085683101", "tags": {"amenity": "waste_basket"}}}, {"type": "Feature", "geometry": {"type": "Point", "coordinates": [19.9331593, 50.0595004]}, "properties": {"osm_id": "node/14085683102", "tags": {"amenity": "waste_basket"}}}, {"type": "Feature", "geometry": {"type": "Point", "coordinates": [19.9332947, 50.0591623]}, "properties": {"osm_id": "node/14085683103", "tags": {"amenity": "waste_basket"}}}, {"type": "Feature", "geometry": {"type": "Point", "coordinates": [19.9330512, 50.0602522]}, "properties": {"osm_id": "node/14085695301", "tags": {"amenity": "waste_basket"}}}, {"type": "Feature", "geometry": {"type": "Point", "coordinates": [19.932848, 50.0602633]}, "properties": {"osm_id": "node/14085695302", "tags": {"amenity": "waste_basket"}}}, {"type": "Feature", "geometry": {"type": "Point", "coordinates": [19.9328937, 50.0603692]}, "properties": {"osm_id": "node/14085695303", "tags": {"amenity": "waste_basket"}}}, {"type": "Feature", "geometry": {"type": "Point", "coordinates": [19.9329548, 50.0602174]}, "properties": {"osm_id": "node/14085702101", "tags": {"amenity": "waste_basket"}}}, {"type": "Feature", "geometry": {"type": "Point", "coordinates": [19.933132, 50.0597717]}, "properties": {"osm_id": "node/14085702202", "tags": {"amenity": "waste_basket"}}}, {"type": "Feature", "geometry": {"type": "Point", "coordinates": [19.9329907, 50.060119]}, "properties": {"osm_id": "node/14085708302", "tags": {"amenity": "waste_basket"}}}, {"type": "Feature", "geometry": {"type": "Point", "coordinates": [19.9329648, 50.0599908]}, "properties": {"osm_id": "node/14085708501", "tags": {"amenity": "waste_basket"}}}, {"type": "Feature", "geometry": {"type": "Point", "coordinates": [19.933081, 50.0599071]}, "properties": {"osm_id": "node/14085708901", "tags": {"amenity": "waste_basket"}}}, {"type": "Feature", "geometry": {"type": "Point", "coordinates": [19.9330114, 50.0598593]}, "properties": {"osm_id": "node/14085709101", "tags": {"amenity": "waste_basket"}}}, {"type": "Feature", "geometry": {"type": "Point", "coordinates": [19.9329681, 50.0623334]}, "properties": {"osm_id": "node/14085709102", "tags": {"amenity": "waste_basket"}}}, {"type": "Feature", "geometry": {"type": "Point", "coordinates": [19.9330916, 50.0596583]}, "properties": {"osm_id": "node/14085709201", "tags": {"amenity": "waste_basket"}}}, {"type": "Feature", "geometry": {"type": "Point", "coordinates": [19.9621857, 50.0543201]}, "properties": {"osm_id": "node/14085958177", "tags": {"amenity": "waste_basket"}}}, {"type": "Feature", "geometry": {"type": "Point", "coordinates": [19.9614463, 50.0555788]}, "properties": {"osm_id": "node/14085962867", "tags": {"amenity": "waste_basket"}}}, {"type": "Feature", "geometry": {"type": "Point", "coordinates": [19.9608003, 50.0557066]}, "properties": {"osm_id": "node/14085964067", "tags": {"amenity": "waste_basket"}}}, {"type": "Feature", "geometry": {"type": "Point", "coordinates": [19.9620784, 50.0543804]}, "properties": {"osm_id": "node/14085976718", "tags": {"amenity": "waste_basket"}}}, {"type": "Feature", "geometry": {"type": "Point", "coordinates": [19.9609942, 50.0558429]}, "properties": {"osm_id": "node/14085978912", "tags": {"amenity": "waste_basket"}}}, {"type": "Feature", "geometry": {"type": "Point", "coordinates": [19.9290674, 50.0691251]}, "properties": {"osm_id": "node/14097620197", "tags": {"amenity": "waste_basket"}}}, {"type": "Feature", "geometry": {"type": "Point", "coordinates": [19.9255772, 50.0699518]}, "properties": {"osm_id": "node/14097635314", "tags": {"amenity": "waste_basket"}}}, {"type": "Feature", "geometry": {"type": "Point", "coordinates": [19.9646377, 50.0675148]}, "properties": {"osm_id": "node/14108053051", "tags": {"amenity": "waste_basket", "waste": "trash"}}}, {"type": "Feature", "geometry": {"type": "Point", "coordinates": [19.9542271, 50.0553398]}, "properties": {"osm_id": "node/14109868002", "tags": {"amenity": "waste_basket"}}}, {"type": "Feature", "geometry": {"type": "Point", "coordinates": [19.9550107, 50.0553024]}, "properties": {"osm_id": "node/14109881001", "tags": {"amenity": "waste_basket"}}}, {"type": "Feature", "geometry": {"type": "Point", "coordinates": [19.9657032, 50.0551226]}, "properties": {"osm_id": "node/14109881103", "tags": {"amenity": "waste_basket"}}}, {"type": "Feature", "geometry": {"type": "Point", "coordinates": [19.9655424, 50.0551987]}, "properties": {"osm_id": "node/14109881201", "tags": {"amenity": "waste_basket"}}}, {"type": "Feature", "geometry": {"type": "Point", "coordinates": [19.9659961, 50.0550035]}, "properties": {"osm_id": "node/14109904302", "tags": {"amenity": "waste_basket"}}}, {"type": "Feature", "geometry": {"type": "Point", "coordinates": [19.9662227, 50.0548081]}, "properties": {"osm_id": "node/14109904303", "tags": {"amenity": "waste_basket"}}}, {"type": "Feature", "geometry": {"type": "Point", "coordinates": [19.9667545, 50.0547895]}, "properties": {"osm_id": "node/14109904401", "tags": {"amenity": "waste_basket"}}}, {"type": "Feature", "geometry": {"type": "Point", "coordinates": [19.9252187, 50.0671312]}, "properties": {"osm_id": "node/14119748038", "tags": {"amenity": "waste_basket", "material": "plastic", "support": "post"}}}, {"type": "Feature", "geometry": {"type": "Point", "coordinates": [19.9493792, 50.0660802]}, "properties": {"osm_id": "node/14131285120", "tags": {"amenity": "waste_basket"}}}, {"type": "Feature", "geometry": {"type": "Point", "coordinates": [19.9338218, 50.0522777]}, "properties": {"osm_id": "node/14138220483", "tags": {"amenity": "waste_basket"}}}, {"type": "Feature", "geometry": {"type": "Point", "coordinates": [19.93612, 50.0595268]}, "properties": {"osm_id": "node/14138220487", "tags": {"amenity": "waste_basket"}}}, {"type": "Feature", "geometry": {"type": "Point", "coordinates": [19.9338975, 50.0521699]}, "properties": {"osm_id": "node/14138220491", "tags": {"amenity": "waste_basket"}}}, {"type": "Feature", "geometry": {"type": "Point", "coordinates": [19.9265776, 50.0687754]}, "properties": {"osm_id": "node/14144936419", "tags": {"amenity": "waste_basket", "covered": "yes", "material": "metal ; wood", "support": "post"}}}, {"type": "Feature", "geometry": {"type": "Point", "coordinates": [19.9260411, 50.069083]}, "properties": {"osm_id": "node/14144936420", "tags": {"amenity": "waste_basket", "covered": "no", "material": "metal", "support": "ground"}}}, {"type": "Feature", "geometry": {"type": "Point", "coordinates": [19.926089, 50.0692121]}, "properties": {"osm_id": "node/14144936422", "tags": {"amenity": "waste_basket", "covered": "yes", "material": "metal ; wood", "support": "post"}}}, {"type": "Feature", "geometry": {"type": "Point", "coordinates": [19.9352385, 50.065578]}, "properties": {"osm_id": "node/14152259886", "tags": {"amenity": "waste_basket", "covered": "no", "material": "metal", "support": "ground"}}}, {"type": "Feature", "geometry": {"type": "Point", "coordinates": [19.9435023, 50.069411]}, "properties": {"osm_id": "node/14156170421", "tags": {"amenity": "waste_basket"}}}, {"type": "Feature", "geometry": {"type": "Point", "coordinates": [19.9432712, 50.0687845]}, "properties": {"osm_id": "node/14156170428", "tags": {"amenity": "waste_basket"}}}, {"type": "Feature", "geometry": {"type": "Point", "coordinates": [19.9434509, 50.0689069]}, "properties": {"osm_id": "node/14156170430", "tags": {"amenity": "waste_basket"}}}, {"type": "Feature", "geometry": {"type": "Point", "coordinates": [19.9430656, 50.0682765]}, "properties": {"osm_id": "node/14156170435", "tags": {"amenity": "waste_basket"}}}, {"type": "Feature", "geometry": {"type": "Point", "coordinates": [19.9459975, 50.0509771]}, "properties": {"osm_id": "node/14157632727", "tags": {"amenity": "waste_basket"}}}, {"type": "Feature", "geometry": {"type": "Point", "coordinates": [19.9676271, 50.0572863]}, "properties": {"osm_id": "node/14157982438", "tags": {"amenity": "waste_basket"}}}, {"type": "Feature", "geometry": {"type": "Point", "coordinates": [19.9517217, 50.0659479]}, "properties": {"osm_id": "node/14158178839", "tags": {"amenity": "waste_basket"}}}, {"type": "Feature", "geometry": {"type": "Point", "coordinates": [19.9500786, 50.0624048]}, "properties": {"osm_id": "node/14158190395", "tags": {"amenity": "waste_basket"}}}, {"type": "Feature", "geometry": {"type": "Point", "coordinates": [19.9486187, 50.059008]}, "properties": {"osm_id": "node/14158197769", "tags": {"amenity": "waste_basket"}}}, {"type": "Feature", "geometry": {"type": "Point", "coordinates": [19.9513619, 50.0695413]}, "properties": {"osm_id": "node/14158209412", "tags": {"amenity": "waste_basket", "not:vending": "excrement_bags", "panoramax": "adbcad0a-5782-4bc7-8995-5e5f3f89d509"}}}, {"type": "Feature", "geometry": {"type": "Point", "coordinates": [19.9454972, 50.0573785]}, "properties": {"osm_id": "node/14158209802", "tags": {"amenity": "waste_basket"}}}, {"type": "Feature", "geometry": {"type": "Point", "coordinates": [19.9504442, 50.0672017]}, "properties": {"osm_id": "node/14159653848", "tags": {"amenity": "waste_basket"}}}, {"type": "Feature", "geometry": {"type": "Point", "coordinates": [19.9517601, 50.0693672]}, "properties": {"osm_id": "node/14159657043", "tags": {"amenity": "waste_basket", "not:vending": "excrement_bags", "panoramax": "d6c3fd67-20be-4500-977f-70e009fa9896"}}}, {"type": "Feature", "geometry": {"type": "Point", "coordinates": [19.9662842, 50.0572052]}, "properties": {"osm_id": "node/14159912813", "tags": {"amenity": "waste_basket"}}}, {"type": "Feature", "geometry": {"type": "Point", "coordinates": [19.9678516, 50.0578483]}, "properties": {"osm_id": "node/14160159894", "tags": {"amenity": "waste_basket"}}}, {"type": "Feature", "geometry": {"type": "Point", "coordinates": [19.9255306, 50.0521396]}, "properties": {"osm_id": "node/14170246727", "tags": {"amenity": "waste_basket"}}}, {"type": "Feature", "geometry": {"type": "Point", "coordinates": [19.9251104, 50.0518443]}, "properties": {"osm_id": "node/14170246741", "tags": {"amenity": "waste_basket"}}}, {"type": "Feature", "geometry": {"type": "Point", "coordinates": [19.9256947, 50.0520984]}, "properties": {"osm_id": "node/14170246744", "tags": {"amenity": "waste_basket"}}}, {"type": "Feature", "geometry": {"type": "Point", "coordinates": [19.9259614, 50.0522776]}, "properties": {"osm_id": "node/14170246745", "tags": {"amenity": "waste_basket"}}}, {"type": "Feature", "geometry": {"type": "Point", "coordinates": [19.9276892, 50.0530668]}, "properties": {"osm_id": "node/14170246746", "tags": {"amenity": "waste_basket"}}}, {"type": "Feature", "geometry": {"type": "Point", "coordinates": [19.9264311, 50.0629269]}, "properties": {"osm_id": "node/14174486506", "tags": {"amenity": "waste_basket"}}}, {"type": "Feature", "geometry": {"type": "Point", "coordinates": [19.9335372, 50.0527073]}, "properties": {"osm_id": "node/14178656312", "tags": {"amenity": "waste_basket"}}}, {"type": "Feature", "geometry": {"type": "Point", "coordinates": [19.9330218, 50.0535466]}, "properties": {"osm_id": "node/14178656315", "tags": {"amenity": "waste_basket"}}}, {"type": "Feature", "geometry": {"type": "Point", "coordinates": [19.9336384, 50.0525536]}, "properties": {"osm_id": "node/14178656316", "tags": {"amenity": "waste_basket"}}}, {"type": "Feature", "geometry": {"type": "Point", "coordinates": [19.9348389, 50.050938]}, "properties": {"osm_id": "node/14178656318", "tags": {"amenity": "waste_basket"}}}, {"type": "Feature", "geometry": {"type": "Point", "coordinates": [19.9343175, 50.0516777]}, "properties": {"osm_id": "node/14178656320", "tags": {"amenity": "waste_basket"}}}, {"type": "Feature", "geometry": {"type": "Point", "coordinates": [19.9330547, 50.0534709]}, "properties": {"osm_id": "node/14178656331", "tags": {"amenity": "waste_basket"}}}, {"type": "Feature", "geometry": {"type": "Point", "coordinates": [19.9330123, 50.0540321]}, "properties": {"osm_id": "node/14178656341", "tags": {"amenity": "waste_basket"}}}, {"type": "Feature", "geometry": {"type": "Point", "coordinates": [19.9335972, 50.0529245]}, "properties": {"osm_id": "node/14178656342", "tags": {"amenity": "waste_basket"}}}, {"type": "Feature", "geometry": {"type": "Point", "coordinates": [19.9345983, 50.0512911]}, "properties": {"osm_id": "node/14178656345", "tags": {"amenity": "waste_basket"}}}, {"type": "Feature", "geometry": {"type": "Point", "coordinates": [19.9584571, 50.0569265]}, "properties": {"osm_id": "node/14178656349", "tags": {"amenity": "waste_basket"}}}, {"type": "Feature", "geometry": {"type": "Point", "coordinates": [19.9329929, 50.0538835]}, "properties": {"osm_id": "node/14178656358", "tags": {"amenity": "waste_basket"}}}, {"type": "Feature", "geometry": {"type": "Point", "coordinates": [19.9348956, 50.0511963]}, "properties": {"osm_id": "node/14178656359", "tags": {"amenity": "waste_basket"}}}, {"type": "Feature", "geometry": {"type": "Point", "coordinates": [19.9348936, 50.0511377]}, "properties": {"osm_id": "node/14178656360", "tags": {"amenity": "waste_basket"}}}, {"type": "Feature", "geometry": {"type": "Point", "coordinates": [19.9329869, 50.0537845]}, "properties": {"osm_id": "node/14178656363", "tags": {"amenity": "waste_basket"}}}, {"type": "Feature", "geometry": {"type": "Point", "coordinates": [19.9345298, 50.051412]}, "properties": {"osm_id": "node/14178656364", "tags": {"amenity": "waste_basket"}}}, {"type": "Feature", "geometry": {"type": "Point", "coordinates": [19.9329912, 50.0536904]}, "properties": {"osm_id": "node/14178656366", "tags": {"amenity": "waste_basket"}}}, {"type": "Feature", "geometry": {"type": "Point", "coordinates": [19.9334756, 50.0528752]}, "properties": {"osm_id": "node/14178656367", "tags": {"amenity": "waste_basket"}}}, {"type": "Feature", "geometry": {"type": "Point", "coordinates": [19.9351691, 50.0504738]}, "properties": {"osm_id": "node/14178656368", "tags": {"amenity": "waste_basket"}}}, {"type": "Feature", "geometry": {"type": "Point", "coordinates": [19.9330612, 50.054223]}, "properties": {"osm_id": "node/14178656370", "tags": {"amenity": "waste_basket"}}}, {"type": "Feature", "geometry": {"type": "Point", "coordinates": [19.9528139, 50.068844]}, "properties": {"osm_id": "node/14183591928", "tags": {"amenity": "waste_basket"}}}, {"type": "Feature", "geometry": {"type": "Point", "coordinates": [19.9523267, 50.0677655]}, "properties": {"osm_id": "node/14183593444", "tags": {"amenity": "waste_basket"}}}, {"type": "Feature", "geometry": {"type": "Point", "coordinates": [19.9374896, 50.0570774]}, "properties": {"osm_id": "node/14185256197", "tags": {"amenity": "waste_basket"}}}, {"type": "Feature", "geometry": {"type": "Point", "coordinates": [19.9375775, 50.0573105]}, "properties": {"osm_id": "node/14185277167", "tags": {"amenity": "waste_basket"}}}, {"type": "Feature", "geometry": {"type": "Point", "coordinates": [19.9345287, 50.0521006]}, "properties": {"osm_id": "node/14185282370", "tags": {"amenity": "waste_basket"}}}, {"type": "Feature", "geometry": {"type": "Point", "coordinates": [19.9368123, 50.0555811]}, "properties": {"osm_id": "node/14185284401", "tags": {"amenity": "waste_basket"}}}, {"type": "Feature", "geometry": {"type": "Point", "coordinates": [19.9360521, 50.0505387]}, "properties": {"osm_id": "node/14194481447", "tags": {"amenity": "waste_basket"}}}, {"type": "Feature", "geometry": {"type": "Point", "coordinates": [19.9329644, 50.0487195]}, "properties": {"osm_id": "node/14194481450", "tags": {"amenity": "waste_basket"}}}, {"type": "Feature", "geometry": {"type": "Point", "coordinates": [19.9342643, 50.0525075]}, "properties": {"osm_id": "node/14194481452", "tags": {"amenity": "waste_basket"}}}, {"type": "Feature", "geometry": {"type": "Point", "coordinates": [19.9333617, 50.0531091]}, "properties": {"osm_id": "node/14194481454", "tags": {"amenity": "waste_basket"}}}, {"type": "Feature", "geometry": {"type": "Point", "coordinates": [19.9339769, 50.0525108]}, "properties": {"osm_id": "node/14194481455", "tags": {"amenity": "waste_basket"}}}, {"type": "Feature", "geometry": {"type": "Point", "coordinates": [19.9328158, 50.0486748]}, "properties": {"osm_id": "node/14194481457", "tags": {"amenity": "waste_basket"}}}, {"type": "Feature", "geometry": {"type": "Point", "coordinates": [19.9348173, 50.0518423]}, "properties": {"osm_id": "node/14194481458", "tags": {"amenity": "waste_basket"}}}, {"type": "Feature", "geometry": {"type": "Point", "coordinates": [19.9336919, 50.0528111]}, "properties": {"osm_id": "node/14194481460", "tags": {"amenity": "waste_basket"}}}, {"type": "Feature", "geometry": {"type": "Point", "coordinates": [19.9338339, 50.0527062]}, "properties": {"osm_id": "node/14194481466", "tags": {"amenity": "waste_basket"}}}, {"type": "Feature", "geometry": {"type": "Point", "coordinates": [19.9341161, 50.0519877]}, "properties": {"osm_id": "node/14194481475", "tags": {"amenity": "waste_basket"}}}, {"type": "Feature", "geometry": {"type": "Point", "coordinates": [19.9342743, 50.0520505]}, "properties": {"osm_id": "node/14194481477", "tags": {"amenity": "waste_basket"}}}, {"type": "Feature", "geometry": {"type": "Point", "coordinates": [19.9332551, 50.0532011]}, "properties": {"osm_id": "node/14194481478", "tags": {"amenity": "waste_basket"}}}, {"type": "Feature", "geometry": {"type": "Point", "coordinates": [19.9339563, 50.0526231]}, "properties": {"osm_id": "node/14194481480", "tags": {"amenity": "waste_basket"}}}, {"type": "Feature", "geometry": {"type": "Point", "coordinates": [19.9346396, 50.0456719]}, "properties": {"osm_id": "node/14194481481", "tags": {"amenity": "waste_basket"}}}, {"type": "Feature", "geometry": {"type": "Point", "coordinates": [19.9363478, 50.0500823]}, "properties": {"osm_id": "node/14194481482", "tags": {"amenity": "waste_basket"}}}, {"type": "Feature", "geometry": {"type": "Point", "coordinates": [19.9341165, 50.0523969]}, "properties": {"osm_id": "node/14194481483", "tags": {"amenity": "waste_basket"}}}, {"type": "Feature", "geometry": {"type": "Point", "coordinates": [19.93433, 50.0524975]}, "properties": {"osm_id": "node/14194481488", "tags": {"amenity": "waste_basket"}}}, {"type": "Feature", "geometry": {"type": "Point", "coordinates": [19.9261485, 50.0544308]}, "properties": {"osm_id": "node/14197636798", "tags": {"amenity": "waste_basket"}}}, {"type": "Feature", "geometry": {"type": "Point", "coordinates": [19.9276891, 50.0545822]}, "properties": {"osm_id": "node/14197636808", "tags": {"amenity": "waste_basket"}}}, {"type": "Feature", "geometry": {"type": "Point", "coordinates": [19.9260843, 50.0538546]}, "properties": {"osm_id": "node/14197636815", "tags": {"amenity": "waste_basket"}}}, {"type": "Feature", "geometry": {"type": "Point", "coordinates": [19.9264869, 50.0544912]}, "properties": {"osm_id": "node/14197636821", "tags": {"amenity": "waste_basket"}}}, {"type": "Feature", "geometry": {"type": "Point", "coordinates": [19.9267199, 50.0545644]}, "properties": {"osm_id": "node/14197636824", "tags": {"amenity": "waste_basket"}}}, {"type": "Feature", "geometry": {"type": "Point", "coordinates": [19.9271431, 50.0546995]}, "properties": {"osm_id": "node/14197636854", "tags": {"amenity": "waste_basket"}}}, {"type": "Feature", "geometry": {"type": "Point", "coordinates": [19.9269414, 50.0544692]}, "properties": {"osm_id": "node/14197636857", "tags": {"amenity": "waste_basket"}}}, {"type": "Feature", "geometry": {"type": "Point", "coordinates": [19.927382, 50.0549329]}, "properties": {"osm_id": "node/14197636867", "tags": {"amenity": "waste_basket"}}}, {"type": "Feature", "geometry": {"type": "Point", "coordinates": [19.9259532, 50.0544088]}, "properties": {"osm_id": "node/14197636877", "tags": {"amenity": "waste_basket"}}}, {"type": "Feature", "geometry": {"type": "Point", "coordinates": [19.9274243, 50.0548202]}, "properties": {"osm_id": "node/14197636917", "tags": {"amenity": "waste_basket"}}}, {"type": "Feature", "geometry": {"type": "Point", "coordinates": [19.9550819, 50.0494421]}, "properties": {"osm_id": "node/14211098183", "tags": {"amenity": "waste_basket"}}}, {"type": "Feature", "geometry": {"type": "Point", "coordinates": [19.9540951, 50.0478875]}, "properties": {"osm_id": "node/14211128890", "tags": {"amenity": "waste_basket"}}}, {"type": "Feature", "geometry": {"type": "Point", "coordinates": [19.9409053, 50.064301]}, "properties": {"osm_id": "node/14227976427", "tags": {"amenity": "waste_basket"}}}, {"type": "Feature", "geometry": {"type": "Point", "coordinates": [19.9382619, 50.0569313]}, "properties": {"osm_id": "node/14228408786", "tags": {"amenity": "waste_basket"}}}, {"type": "Feature", "geometry": {"type": "Point", "coordinates": [19.9394453, 50.0624348]}, "properties": {"osm_id": "node/14228446283", "tags": {"amenity": "waste_basket"}}}, {"type": "Feature", "geometry": {"type": "Point", "coordinates": [19.9382454, 50.0556772]}, "properties": {"osm_id": "node/14228447761", "tags": {"amenity": "waste_basket"}}}, {"type": "Feature", "geometry": {"type": "Point", "coordinates": [19.9396091, 50.0626606]}, "properties": {"osm_id": "node/14228449779", "tags": {"amenity": "waste_basket"}}}, {"type": "Feature", "geometry": {"type": "Point", "coordinates": [19.9384332, 50.0615226]}, "properties": {"osm_id": "node/14228465506", "tags": {"amenity": "waste_basket"}}}, {"type": "Feature", "geometry": {"type": "Point", "coordinates": [19.9486106, 50.0518172]}, "properties": {"osm_id": "node/14231118507", "tags": {"amenity": "waste_basket"}}}, {"type": "Feature", "geometry": {"type": "Point", "coordinates": [19.9405321, 50.0619383]}, "properties": {"osm_id": "node/14231118645", "tags": {"amenity": "waste_basket"}}}, {"type": "Feature", "geometry": {"type": "Point", "coordinates": [19.9466446, 50.052134]}, "properties": {"osm_id": "node/14231153907", "tags": {"amenity": "waste_basket"}}}]}