{"type": "FeatureCollection", "features": [{"type": "Feature", "geometry": {"type": "Point", "coordinates": [19.9109308, 50.0687652]}, "properties": {"osm_id": "node/9702276346", "tags": {"amenity": "recycling", "recycling:cans": "yes", "recycling:cooking_oil": "yes", "recycling:glass_bottles": "yes", "recycling:green_waste": "yes", "recycling:paper": "yes", "recycling:plastic": "yes", "recycling:scrap_metal": "yes", "recycling_type": "container"}, "district": "Krowodrza", "address": "okolice ul. Toruńska"}}, {"type": "Feature", "geometry": {"type": "Point", "coordinates": [19.9012902, 50.0677488]}, "properties": {"osm_id": "node/10043739200", "tags": {"amenity": "recycling", "recycling:cans": "yes", "recycling:glass_bottles": "yes", "recycling:green_waste": "yes", "recycling:plastic": "yes", "recycling:scrap_metal": "yes", "recycling_type": "container"}, "district": "Krowodrza", "address": "okolice ul. Juliana Tokarskiego"}}, {"type": "Feature", "geometry": {"type": "Point", "coordinates": [19.9048945, 50.0678519]}, "properties": {"osm_id": "node/10043739039", "tags": {"amenity": "recycling", "location": "overground", "recycling:cans": "yes", "recycling:food_waste": "yes", "recycling:green_waste": "yes", "recycling:paper": "yes", "recycling:plastic": "yes", "recycling:scrap_metal": "yes", "recycling_type": "container"}, "district": "Krowodrza", "address": "okolice ul. Józefa Rostafińskiego"}}, {"type": "Feature", "geometry": {"type": "Point", "coordinates": [19.9160645, 50.0663433]}, "properties": {"osm_id": "node/9726840549", "tags": {"amenity": "recycling", "recycling:glass": "yes", "recycling:glass_bottles": "yes", "recycling:paper": "yes", "recycling:plastic": "yes", "recycling:scrap_metal": "yes", "recycling:waste": "yes", "recycling_type": "container"}, "district": "Krowodrza", "address": null}}, {"type": "Feature", "geometry": {"type": "Point", "coordinates": [19.9238093, 50.0723652]}, "properties": {"osm_id": "node/6390668290", "tags": {"amenity": "recycling", "recycling:glass": "yes", "recycling:glass_bottles": "yes", "recycling_type": "container"}, "district": "Krowodrza", "address": "okolice ul. Edmunda Biernackiego"}}, {"type": "Feature", "geometry": {"type": "Point", "coordinates": [19.9133555, 50.06657]}, "properties": {"osm_id": "node/9209174781", "tags": {"amenity": "recycling", "location": "overground", "opening_hours": "24/7", "recycling:glass_bottles": "yes", "recycling_type": "container"}, "district": "Krowodrza", "address": "okolice ul. Miechowska"}}, {"type": "Feature", "geometry": {"type": "Point", "coordinates": [19.9101135, 50.0745782]}, "properties": {"osm_id": "node/7111644429", "tags": {"amenity": "recycling", "recycling:cans": "yes", "recycling:glass_bottles": "yes", "recycling:paper": "yes", "recycling:plastic": "yes", "recycling:scrap_metal": "yes", "recycling_type": "container"}, "district": "Krowodrza", "address": "okolice ul. Młynówka Królewska"}}, {"type": "Feature", "geometry": {"type": "Point", "coordinates": [19.9212415, 50.063545]}, "properties": {"osm_id": "node/4256374464", "tags": {"amenity": "recycling", "check_date": "2023-08-20", "recycling:glass": "yes", "recycling_type": "container"}, "district": "Krowodrza", "address": "okolice ul. Oleandry"}}, {"type": "Feature", "geometry": {"type": "Point", "coordinates": [19.9177476, 50.0655063]}, "properties": {"osm_id": "node/7636897011", "tags": {"amenity": "recycling", "recycling:glass_bottles": "yes", "recycling:paper": "yes", "recycling:plastic_bottles": "yes", "recycling:plastic_packaging": "yes", "recycling:scrap_metal": "yes", "recycling_type": "container"}, "district": "Krowodrza", "address": "okolice ul. Akademicka"}}, {"type": "Feature", "geometry": {"type": "Point", "coordinates": [19.9028455, 50.069836]}, "properties": {"osm_id": "node/3997980783", "tags": {"addr:city": "Kraków", "addr:postcode": "30-065", "addr:street": "Juliana Tokarskiego", "amenity": "recycling", "recycling:clothes": "no", "recycling:glass_bottles": "yes", "recycling:paper": "yes", "recycling:plastic": "yes", "recycling:scrap_metal": "yes", "recycling_type": "container"}, "district": "Krowodrza", "address": "ul. Juliana Tokarskiego"}}, {"type": "Feature", "geometry": {"type": "Point", "coordinates": [19.904344, 50.070501]}, "properties": {"osm_id": "node/1914389470", "tags": {"amenity": "recycling", "opening_hours": "24/7", "recycling:aluminium": "yes", "recycling:beverage_cartons": "yes", "recycling:books": "yes", "recycling:cans": "yes", "recycling:cartons": "yes", "recycling:glass": "yes", "recycling:glass_bottles": "yes", "recycling:magazines": "yes", "recycling:newspaper": "yes", "recycling:paper": "yes", "recycling:paper_packaging": "yes", "recycling:plastic": "yes", "recycling:plastic_bottles": "yes", "recycling:plastic_packaging": "yes", "recycling:scrap_metal": "yes", "recycling_type": "container"}, "district": "Krowodrza", "address": "okolice ul. Piastowska"}}, {"type": "Feature", "geometry": {"type": "Point", "coordinates": [19.9073594, 50.0668931]}, "properties": {"osm_id": "node/1914430111", "tags": {"amenity": "recycling", "opening_hours": "24/7", "operator": "MPO", "recycling:beverage_cartons": "yes", "recycling:cans": "yes", "recycling:glass": "no", "recycling:glass_bottles": "yes", "recycling:paper": "yes", "recycling:paper_packaging": "yes", "recycling:plastic": "yes", "recycling:plastic_bottles": "yes", "recycling:plastic_packaging": "yes", "recycling:scrap_metal": "yes", "recycling_type": "container"}, "district": "Krowodrza", "address": "okolice ul. Daniela Chodowieckiego"}}, {"type": "Feature", "geometry": {"type": "Point", "coordinates": [19.9070145, 50.072467]}, "properties": {"osm_id": "node/12723144640", "tags": {"amenity": "recycling", "recycling:glass": "yes", "recycling:glass_bottles": "yes", "recycling_type": "container"}, "district": "Krowodrza", "address": "okolice ul. Warmijska"}}, {"type": "Feature", "geometry": {"type": "Point", "coordinates": [19.9365067, 50.0746699]}, "properties": {"osm_id": "node/3029332266", "tags": {"amenity": "recycling", "location": "overground", "opening_hours": "24/7", "recycling:glass": "no", "recycling:glass_bottles": "yes", "recycling:paper": "yes", "recycling:plastic": "yes", "recycling:scrap_metal": "yes", "recycling_type": "container"}, "district": "Krowodrza", "address": "okolice ul. Prądnicka"}}, {"type": "Feature", "geometry": {"type": "Point", "coordinates": [19.9201477, 50.0619034]}, "properties": {"osm_id": "node/1937276235", "tags": {"amenity": "recycling", "recycling:glass": "yes", "recycling:glass_bottles": "yes", "recycling:paper": "yes", "recycling:plastic": "yes", "recycling:scrap_metal": "yes", "recycling_type": "container"}, "district": "Krowodrza", "address": "okolice ul. Romana Ingardena"}}, {"type": "Feature", "geometry": {"type": "Point", "coordinates": [19.9195282, 50.0650547]}, "properties": {"osm_id": "node/9398037432", "tags": {"amenity": "recycling", "recycling:glass_bottles": "yes", "recycling:paper": "yes", "recycling:plastic": "yes", "recycling_type": "container"}, "district": "Krowodrza", "address": "okolice ul. Władysława Reymonta"}}, {"type": "Feature", "geometry": {"type": "Point", "coordinates": [19.923717, 50.0772748]}, "properties": {"osm_id": "node/9344546734", "tags": {"amenity": "recycling", "recycling:glass_bottles": "yes", "recycling_type": "container"}, "district": "Krowodrza", "address": "okolice ul. Litewska"}}, {"type": "Feature", "geometry": {"type": "Point", "coordinates": [19.9193501, 50.0789947]}, "properties": {"osm_id": "node/9010386831", "tags": {"amenity": "recycling", "recycling:glass_bottles": "yes", "recycling_type": "container"}, "district": "Krowodrza", "address": "okolice ul. Wojskowa"}}, {"type": "Feature", "geometry": {"type": "Point", "coordinates": [19.9192597, 50.0758229]}, "properties": {"osm_id": "node/9510919997", "tags": {"amenity": "recycling", "check_date:recycling": "2024-09-15", "location": "overground", "recycling:glass_bottles": "yes", "recycling_type": "container"}, "district": "Krowodrza", "address": "okolice ul. Racławicka"}}, {"type": "Feature", "geometry": {"type": "Point", "coordinates": [19.9062205, 50.0700166]}, "properties": {"osm_id": "node/1908967471", "tags": {"amenity": "recycling", "check_date:recycling": "2026-07-14", "recycling:glass_bottles": "yes", "recycling_type": "container"}, "district": "Krowodrza", "address": "okolice ul. Gramatyka"}}, {"type": "Feature", "geometry": {"type": "Point", "coordinates": [19.9278594, 50.0759467]}, "properties": {"osm_id": "node/9283193413", "tags": {"amenity": "recycling", "recycling:glass_bottles": "yes", "recycling:paper": "yes", "recycling_type": "container", "wheelchair": "limited"}, "district": "Krowodrza", "address": "okolice ul. Wrocławska"}}, {"type": "Feature", "geometry": {"type": "Point", "coordinates": [19.9265678, 50.0758753]}, "properties": {"osm_id": "node/10202112999", "tags": {"amenity": "recycling", "location": "overground", "recycling:glass_bottles": "yes", "recycling:paper": "yes", "recycling_type": "container"}, "district": "Krowodrza", "address": "okolice ul. Wójtowska"}}, {"type": "Feature", "geometry": {"type": "Point", "coordinates": [19.9210021, 50.0649872]}, "properties": {"osm_id": "node/10060609653", "tags": {"amenity": "recycling", "recycling:glass_bottles": "yes", "recycling_type": "container"}, "district": "Krowodrza", "address": "okolice ul. Władysława Reymonta"}}, {"type": "Feature", "geometry": {"type": "Point", "coordinates": [19.9215688, 50.0729661]}, "properties": {"osm_id": "node/6436107383", "tags": {"amenity": "recycling", "check_date:recycling": "2023-06-20", "opening_hours": "24/7", "recycling:glass": "no", "recycling:glass_bottles": "yes", "recycling_type": "container", "wheelchair": "no"}, "district": "Krowodrza", "address": "okolice ul. Kazimierza Wielkiego"}}, {"type": "Feature", "geometry": {"type": "Point", "coordinates": [19.9073357, 50.0736711]}, "properties": {"osm_id": "node/12723133054", "tags": {"amenity": "recycling", "recycling:glass": "yes", "recycling:glass_bottles": "yes", "recycling_type": "container"}, "district": "Krowodrza", "address": "okolice ul. Warmijska"}}, {"type": "Feature", "geometry": {"type": "Point", "coordinates": [19.9093918, 50.0657829]}, "properties": {"osm_id": "node/1937276246", "tags": {"amenity": "recycling", "recycling:glass": "yes", "recycling:paper": "yes", "recycling:plastic": "yes", "recycling:scrap_metal": "yes", "recycling_type": "container"}, "district": "Krowodrza", "address": "okolice ul. Władysława Reymonta"}}, {"type": "Feature", "geometry": {"type": "Point", "coordinates": [19.9381931, 50.0762003]}, "properties": {"osm_id": "node/14091399190", "tags": {"amenity": "waste_basket"}, "district": "Krowodrza", "address": null}}, {"type": "Feature", "geometry": {"type": "Point", "coordinates": [19.9178268, 50.0724893]}, "properties": {"osm_id": "node/9295943486", "tags": {"amenity": "waste_basket"}, "district": "Krowodrza", "address": "okolice ul. Królewska"}}, {"type": "Feature", "geometry": {"type": "Point", "coordinates": [19.922479, 50.0663665]}, "properties": {"osm_id": "node/9951086367", "tags": {"amenity": "waste_basket"}, "district": "Krowodrza", "address": "okolice ul. Czarnowiejska"}}, {"type": "Feature", "geometry": {"type": "Point", "coordinates": [19.9186741, 50.0801756]}, "properties": {"osm_id": "node/13046162056", "tags": {"amenity": "waste_basket"}, "district": "Krowodrza", "address": "okolice al. Kijowska"}}, {"type": "Feature", "geometry": {"type": "Point", "coordinates": [19.9230459, 50.0648745]}, "properties": {"osm_id": "node/10060609645", "tags": {"amenity": "waste_basket", "covered": "no"}, "district": "Krowodrza", "address": "okolice al. Adama Mickiewicza"}}, {"type": "Feature", "geometry": {"type": "Point", "coordinates": [19.9116023, 50.070666]}, "properties": {"osm_id": "node/1953249994", "tags": {"amenity": "waste_basket", "check_date": "2023-01-14"}, "district": "Krowodrza", "address": "okolice ul. Bydgoska"}}, {"type": "Feature", "geometry": {"type": "Point", "coordinates": [19.9141174, 50.0619756]}, "properties": {"osm_id": "node/14031199884", "tags": {"amenity": "waste_basket"}, "district": "Krowodrza", "address": null}}, {"type": "Feature", "geometry": {"type": "Point", "coordinates": [19.9122389, 50.0712964]}, "properties": {"osm_id": "node/1953250070", "tags": {"amenity": "waste_basket", "check_date": "2021-04-07"}, "district": "Krowodrza", "address": "okolice ul. Misjonarska"}}, {"type": "Feature", "geometry": {"type": "Point", "coordinates": [19.9060591, 50.0687772]}, "properties": {"osm_id": "node/10043739077", "tags": {"amenity": "waste_basket", "covered": "no"}, "district": "Krowodrza", "address": "okolice ul. Autostrada MS AGH"}}, {"type": "Feature", "geometry": {"type": "Point", "coordinates": [19.9150313, 50.074452]}, "properties": {"osm_id": "node/9029630448", "tags": {"amenity": "waste_basket", "check_date": "2021-08-23"}, "district": "Krowodrza", "address": "okolice ul. Kazimierza Wielkiego"}}, {"type": "Feature", "geometry": {"type": "Point", "coordinates": [19.9251348, 50.0679574]}, "properties": {"osm_id": "node/12833151054", "tags": {"amenity": "waste_basket"}, "district": "Krowodrza", "address": "okolice al. Adama Mickiewicza"}}, {"type": "Feature", "geometry": {"type": "Point", "coordinates": [19.9113685, 50.07376]}, "properties": {"osm_id": "node/14045274092", "tags": {"amenity": "waste_basket", "material": "wood", "waste": "trash"}, "district": "Krowodrza", "address": "okolice ul. Królewska"}}, {"type": "Feature", "geometry": {"type": "Point", "coordinates": [19.9018823, 50.0688343]}, "properties": {"osm_id": "node/7108426553", "tags": {"amenity": "waste_basket"}, "district": "Krowodrza", "address": "okolice ul. Juliana Tokarskiego"}}, {"type": "Feature", "geometry": {"type": "Point", "coordinates": [19.9238479, 50.0662615]}, "properties": {"osm_id": "node/12833100870", "tags": {"amenity": "waste_basket"}, "district": "Krowodrza", "address": "okolice ul. Czarnowiejska"}}, {"type": "Feature", "geometry": {"type": "Point", "coordinates": [19.9234362, 50.068424]}, "properties": {"osm_id": "node/12833076747", "tags": {"amenity": "waste_basket"}, "district": "Krowodrza", "address": "okolice ul. Karola Szymanowskiego"}}, {"type": "Feature", "geometry": {"type": "Point", "coordinates": [19.9220316, 50.0655712]}, "properties": {"osm_id": "node/11786755313", "tags": {"amenity": "waste_basket", "covered": "no"}, "district": "Krowodrza", "address": null}}, {"type": "Feature", "geometry": {"type": "Point", "coordinates": [19.9226234, 50.0801109]}, "properties": {"osm_id": "node/13046166434", "tags": {"amenity": "waste_basket"}, "district": "Krowodrza", "address": null}}, {"type": "Feature", "geometry": {"type": "Point", "coordinates": [19.9164756, 50.0625477]}, "properties": {"osm_id": "node/14143005390", "tags": {"amenity": "waste_basket"}, "district": "Krowodrza", "address": null}}, {"type": "Feature", "geometry": {"type": "Point", "coordinates": [19.9063111, 50.0746691]}, "properties": {"osm_id": "node/13285159290", "tags": {"amenity": "waste_basket", "colour": "szary", "material": "metal", "waste": "trash"}, "district": "Krowodrza", "address": "okolice ul. Młynówka Królewska"}}, {"type": "Feature", "geometry": {"type": "Point", "coordinates": [19.9226647, 50.0628367]}, "properties": {"osm_id": "node/14192037751", "tags": {"amenity": "waste_basket"}, "district": "Krowodrza", "address": "okolice al. Adama Mickiewicza"}}, {"type": "Feature", "geometry": {"type": "Point", "coordinates": [19.9139615, 50.0685394]}, "properties": {"osm_id": "node/10719246405", "tags": {"amenity": "waste_basket"}, "district": "Krowodrza", "address": "okolice ul. Chocimska"}}, {"type": "Feature", "geometry": {"type": "Point", "coordinates": [19.9260411, 50.069083]}, "properties": {"osm_id": "node/14144936420", "tags": {"amenity": "waste_basket", "covered": "no", "material": "metal", "support": "ground"}, "district": "Krowodrza", "address": "okolice pl. Inwalidów"}}, {"type": "Feature", "geometry": {"type": "Point", "coordinates": [19.9087555, 50.0735705]}, "properties": {"osm_id": "node/12415269827", "tags": {"amenity": "waste_basket"}, "district": "Krowodrza", "address": null}}, {"type": "Feature", "geometry": {"type": "Point", "coordinates": [19.9239792, 50.0671016]}, "properties": {"osm_id": "node/12833135573", "tags": {"amenity": "waste_basket"}, "district": "Krowodrza", "address": "okolice al. Adama Mickiewicza"}}, {"type": "Feature", "geometry": {"type": "Point", "coordinates": [19.9242872, 50.0696778]}, "properties": {"osm_id": "node/14017591584", "tags": {"amenity": "waste_basket"}, "district": "Krowodrza", "address": "okolice pl. Inwalidów"}}, {"type": "Feature", "geometry": {"type": "Point", "coordinates": [19.9203399, 50.0656177]}, "properties": {"osm_id": "node/10047281071", "tags": {"amenity": "waste_basket", "covered": "no"}, "district": "Krowodrza", "address": null}}, {"type": "Feature", "geometry": {"type": "Point", "coordinates": [19.9173683, 50.0641851]}, "properties": {"osm_id": "node/1919235495", "tags": {"amenity": "waste_basket", "check_date": "2023-03-10"}, "district": "Krowodrza", "address": "okolice ul. Władysława Reymonta"}}, {"type": "Feature", "geometry": {"type": "Point", "coordinates": [19.9293295, 50.0713593]}, "properties": {"osm_id": "node/13162097308", "tags": {"amenity": "waste_basket"}, "district": "Krowodrza", "address": "okolice ul. Łobzowska"}}, {"type": "Feature", "geometry": {"type": "Point", "coordinates": [19.9122241, 50.0679231]}, "properties": {"osm_id": "node/11591497879", "tags": {"amenity": "waste_basket", "colour": "grey", "covered": "no", "waste": "trash;cigarettes"}, "district": "Krowodrza", "address": "okolice ul. Kawiory"}}, {"type": "Feature", "geometry": {"type": "Point", "coordinates": [19.9172605, 50.0667667]}, "properties": {"osm_id": "node/10060609791", "tags": {"amenity": "waste_basket", "covered": "no", "material": "pebbledash", "support": "ground"}, "district": "Krowodrza", "address": "okolice ul. Skrót Drużyny Pierścienia"}}, {"type": "Feature", "geometry": {"type": "Point", "coordinates": [19.9356593, 50.0737223]}, "properties": {"osm_id": "node/13686952901", "tags": {"amenity": "waste_basket"}, "district": "Krowodrza", "address": "okolice al. Juliusza Słowackiego"}}, {"type": "Feature", "geometry": {"type": "Point", "coordinates": [19.9069559, 50.0680358]}, "properties": {"osm_id": "node/11912120476", "tags": {"amenity": "waste_basket"}, "district": "Krowodrza", "address": "okolice ul. Witolda Budryka"}}, {"type": "Feature", "geometry": {"type": "Point", "coordinates": [19.9133984, 50.0698211]}, "properties": {"osm_id": "node/1953250054", "tags": {"amenity": "waste_basket", "check_date": "2023-02-02"}, "district": "Krowodrza", "address": "okolice ul. Misjonarska"}}, {"type": "Feature", "geometry": {"type": "Point", "coordinates": [19.9262221, 50.0710349]}, "properties": {"osm_id": "node/14143009705", "tags": {"amenity": "waste_basket"}, "district": "Krowodrza", "address": "okolice ul. Henryka Sienkiewicza"}}, {"type": "Feature", "geometry": {"type": "Point", "coordinates": [19.9148942, 50.0666922]}, "properties": {"osm_id": "node/9209174783", "tags": {"amenity": "waste_basket"}, "district": "Krowodrza", "address": "okolice ul. Miechowska"}}, {"type": "Feature", "geometry": {"type": "Point", "coordinates": [19.9255346, 50.0774594]}, "properties": {"osm_id": "node/13046119334", "tags": {"amenity": "waste_basket"}, "district": "Krowodrza", "address": "okolice ul. Wrocławska"}}, {"type": "Feature", "geometry": {"type": "Point", "coordinates": [19.9046105, 50.0690048]}, "properties": {"osm_id": "node/10043739057", "tags": {"amenity": "waste_basket", "covered": "no"}, "district": "Krowodrza", "address": "okolice ul. Józefa Rostafińskiego"}}, {"type": "Feature", "geometry": {"type": "Point", "coordinates": [19.9236846, 50.065508]}, "properties": {"osm_id": "node/14020643134", "tags": {"amenity": "waste_basket"}, "district": "Krowodrza", "address": "okolice ul. Czarnowiejska"}}, {"type": "Feature", "geometry": {"type": "Point", "coordinates": [19.9334406, 50.0742965]}, "properties": {"osm_id": "node/14134075652", "tags": {"amenity": "waste_basket"}, "district": "Krowodrza", "address": "okolice ul. Lubelska"}}, {"type": "Feature", "geometry": {"type": "Point", "coordinates": [19.9146133, 50.0717208]}, "properties": {"osm_id": "node/10807008647", "tags": {"amenity": "waste_basket"}, "district": "Krowodrza", "address": "okolice al. Kijowska"}}, {"type": "Feature", "geometry": {"type": "Point", "coordinates": [19.9155524, 50.064095]}, "properties": {"osm_id": "node/11264426687", "tags": {"amenity": "waste_basket"}, "district": "Krowodrza", "address": null}}, {"type": "Feature", "geometry": {"type": "Point", "coordinates": [19.9178728, 50.073799]}, "properties": {"osm_id": "node/14031346701", "tags": {"amenity": "waste_basket"}, "district": "Krowodrza", "address": "okolice ul. Kazimierza Wielkiego"}}, {"type": "Feature", "geometry": {"type": "Point", "coordinates": [19.929342, 50.0746845]}, "properties": {"osm_id": "node/14134075627", "tags": {"amenity": "waste_basket"}, "district": "Krowodrza", "address": "okolice ul. Cieszyńska"}}, {"type": "Feature", "geometry": {"type": "Point", "coordinates": [19.9342881, 50.0775122]}, "properties": {"osm_id": "node/10774809001", "tags": {"amenity": "waste_basket"}, "district": "Krowodrza", "address": null}}, {"type": "Feature", "geometry": {"type": "Point", "coordinates": [19.9125789, 50.0748952]}, "properties": {"osm_id": "node/12905922439", "tags": {"amenity": "waste_basket", "colour": "szary", "material": "concrete", "waste": "trash"}, "district": "Krowodrza", "address": "okolice ul. Kazimierza Wielkiego"}}, {"type": "Feature", "geometry": {"type": "Point", "coordinates": [20.004608, 50.0410281]}, "properties": {"osm_id": "node/1937276146", "tags": {"amenity": "recycling", "recycling:glass": "yes", "recycling:glass_bottles": "yes", "recycling:paper": "yes", "recycling:plastic": "yes", "recycling:scrap_metal": "yes", "recycling_type": "container"}, "district": "Podgórze", "address": "okolice ul. Golikówka"}}, {"type": "Feature", "geometry": {"type": "Point", "coordinates": [20.0003478, 50.0457539]}, "properties": {"osm_id": "node/12279190796", "tags": {"amenity": "recycling", "recycling:glass": "yes", "recycling:glass_bottles": "yes", "recycling_type": "container"}, "district": "Podgórze", "address": null}}, {"type": "Feature", "geometry": {"type": "Point", "coordinates": [19.9358678, 50.0395519]}, "properties": {"osm_id": "node/12197657143", "tags": {"amenity": "recycling", "recycling:glass_bottles": "yes", "recycling_type": "container"}, "district": "Podgórze", "address": "okolice ul. Nowoorawska"}}, {"type": "Feature", "geometry": {"type": "Point", "coordinates": [19.9394957, 50.0354971]}, "properties": {"osm_id": "node/1937276139", "tags": {"amenity": "recycling", "recycling:glass": "yes", "recycling:glass_bottles": "yes", "recycling:paper": "yes", "recycling:plastic": "yes", "recycling:scrap_metal": "yes", "recycling_type": "container"}, "district": "Podgórze", "address": "okolice ul. Wadowicka"}}, {"type": "Feature", "geometry": {"type": "Point", "coordinates": [19.9926323, 50.045188]}, "properties": {"osm_id": "node/1937276161", "tags": {"amenity": "recycling", "recycling:clothes": "yes", "recycling:glass": "yes", "recycling:paper": "yes", "recycling:plastic": "yes", "recycling:scrap_metal": "yes", "recycling_type": "container"}, "district": "Podgórze", "address": "okolice ul. Myśliwska"}}, {"type": "Feature", "geometry": {"type": "Point", "coordinates": [19.9730765, 50.0339144]}, "properties": {"osm_id": "node/1937276136", "tags": {"amenity": "recycling", "recycling:glass": "no", "recycling:glass_bottles": "yes", "recycling:paper": "yes", "recycling:plastic": "yes", "recycling:scrap_metal": "yes", "recycling_type": "container"}, "district": "Podgórze", "address": "okolice ul. Dworcowa"}}, {"type": "Feature", "geometry": {"type": "Point", "coordinates": [20.0670932, 50.0475204]}, "properties": {"osm_id": "node/1937276176", "tags": {"amenity": "recycling", "recycling:glass": "yes", "recycling:paper": "yes", "recycling:plastic": "yes", "recycling:scrap_metal": "yes", "recycling_type": "container"}, "district": "Podgórze", "address": "okolice ul. Feliksa Wrobela"}}, {"type": "Feature", "geometry": {"type": "Point", "coordinates": [19.9337257, 50.0337078]}, "properties": {"osm_id": "node/1937276134", "tags": {"amenity": "recycling", "recycling:glass": "yes", "recycling:paper": "yes", "recycling:plastic": "yes", "recycling:scrap_metal": "yes", "recycling_type": "container"}, "district": "Podgórze", "address": "okolice ul. Rzemieślnicza"}}, {"type": "Feature", "geometry": {"type": "Point", "coordinates": [19.9949194, 50.0424281]}, "properties": {"osm_id": "node/12279230224", "tags": {"amenity": "recycling", "recycling:glass": "yes", "recycling:glass_bottles": "yes", "recycling_type": "container"}, "district": "Podgórze", "address": null}}, {"type": "Feature", "geometry": {"type": "Point", "coordinates": [20.0465119, 50.0429666]}, "properties": {"osm_id": "node/1937276154", "tags": {"amenity": "recycling", "recycling:clothes": "yes", "recycling:glass": "yes", "recycling:paper": "yes", "recycling:plastic": "yes", "recycling:scrap_metal": "yes", "recycling_type": "container"}, "district": "Podgórze", "address": "okolice ul. Rączna"}}, {"type": "Feature", "geometry": {"type": "Point", "coordinates": [20.0601841, 50.0395906]}, "properties": {"osm_id": "node/1937276142", "tags": {"amenity": "recycling", "recycling:glass": "yes", "recycling:paper": "yes", "recycling:plastic": "yes", "recycling:scrap_metal": "yes", "recycling_type": "container"}, "district": "Podgórze", "address": "okolice ul. Bartników"}}, {"type": "Feature", "geometry": {"type": "Point", "coordinates": [20.0214481, 50.0401948]}, "properties": {"osm_id": "node/1937276144", "tags": {"amenity": "recycling", "recycling:glass": "yes", "recycling:paper": "yes", "recycling:plastic": "yes", "recycling:scrap_metal": "yes", "recycling_type": "container"}, "district": "Podgórze", "address": "okolice ul. Albatrosów"}}, {"type": "Feature", "geometry": {"type": "Point", "coordinates": [19.9772799, 50.0387893]}, "properties": {"osm_id": "node/1937276141", "tags": {"amenity": "recycling", "recycling:glass": "yes", "recycling:paper": "yes", "recycling:plastic": "yes", "recycling:scrap_metal": "yes", "recycling_type": "container"}, "district": "Podgórze", "address": "okolice ul. Gromadzka"}}, {"type": "Feature", "geometry": {"type": "Point", "coordinates": [19.9625196, 50.0411267]}, "properties": {"osm_id": "node/6418414862", "tags": {"amenity": "recycling", "recycling:cans": "yes", "recycling:glass_bottles": "yes", "recycling:paper": "yes", "recycling:plastic": "yes", "recycling_type": "container"}, "district": "Podgórze", "address": "okolice ul. Wielicka"}}, {"type": "Feature", "geometry": {"type": "Point", "coordinates": [19.9956959, 50.0453655]}, "properties": {"osm_id": "node/12537417346", "tags": {"amenity": "recycling", "recycling:beverage_cartons": "yes", "recycling:cans": "yes", "recycling:cardboard": "yes", "recycling:glass": "yes", "recycling:glass_bottles": "yes", "recycling:paper": "yes", "recycling:paper_packaging": "no", "recycling:plastic": "yes", "recycling:plastic_bottles": "yes", "recycling:plastic_packaging": "yes", "recycling_type": "container", "support": "ground"}, "district": "Podgórze", "address": "okolice ul. Myśliwska"}}, {"type": "Feature", "geometry": {"type": "Point", "coordinates": [19.9989983, 50.0304969]}, "properties": {"osm_id": "node/5809561405", "tags": {"amenity": "recycling", "recycling:cans": "yes", "recycling:glass_bottles": "yes", "recycling:paper": "yes", "recycling:plastic": "yes", "recycling:scrap_metal": "yes", "recycling_type": "container"}, "district": "Podgórze", "address": "okolice ul. Bagrowa"}}, {"type": "Feature", "geometry": {"type": "Point", "coordinates": [19.9856947, 50.0417928]}, "properties": {"osm_id": "node/1937276150", "tags": {"amenity": "recycling", "recycling:glass": "yes", "recycling:paper": "yes", "recycling:plastic": "yes", "recycling:scrap_metal": "yes", "recycling_type": "container"}, "district": "Podgórze", "address": "okolice ul. Księdza Ignacego Stoszki"}}, {"type": "Feature", "geometry": {"type": "Point", "coordinates": [19.959282, 50.0475852]}, "properties": {"osm_id": "node/9051248719", "tags": {"amenity": "recycling", "recycling:glass_bottles": "yes", "recycling_type": "container", "survey:date": "2021-08-31"}, "district": "Podgórze", "address": "okolice ul. Przemysłowa"}}, {"type": "Feature", "geometry": {"type": "Point", "coordinates": [19.9961508, 50.0418597]}, "properties": {"osm_id": "node/12279230223", "tags": {"amenity": "recycling", "recycling:glass": "yes", "recycling:glass_bottles": "yes", "recycling_type": "container"}, "district": "Podgórze", "address": null}}, {"type": "Feature", "geometry": {"type": "Point", "coordinates": [19.9397716, 50.0391504]}, "properties": {"osm_id": "node/11220629117", "tags": {"amenity": "recycling", "recycling:glass": "no", "recycling:glass_bottles": "yes", "recycling_type": "container"}, "district": "Podgórze", "address": "okolice ul. Stanisława Mitery"}}, {"type": "Feature", "geometry": {"type": "Point", "coordinates": [19.9952669, 50.0344997]}, "properties": {"osm_id": "node/1937276138", "tags": {"amenity": "recycling", "recycling:clothes": "yes", "recycling:glass": "yes", "recycling:paper": "yes", "recycling:plastic": "yes", "recycling:scrap_metal": "yes", "recycling_type": "container"}, "district": "Podgórze", "address": "okolice ul. Gliniana"}}, {"type": "Feature", "geometry": {"type": "Point", "coordinates": [19.9958917, 50.0409476]}, "properties": {"osm_id": "node/12324639933", "tags": {"amenity": "recycling", "recycling:glass": "yes", "recycling:glass_bottles": "yes", "recycling_type": "container"}, "district": "Podgórze", "address": "okolice ul. Przewóz"}}, {"type": "Feature", "geometry": {"type": "Point", "coordinates": [19.9820629, 50.0451979]}, "properties": {"osm_id": "node/12875748648", "tags": {"amenity": "recycling", "recycling:glass": "yes", "recycling:glass_bottles": "yes", "recycling_type": "container"}, "district": "Podgórze", "address": "okolice ul. Płaszowska"}}, {"type": "Feature", "geometry": {"type": "Point", "coordinates": [19.9698337, 50.0319883]}, "properties": {"osm_id": "node/3024183854", "tags": {"amenity": "recycling", "location": "overground", "recycling:cans": "yes", "recycling:clothes": "yes", "recycling:glass": "no", "recycling:glass_bottles": "yes", "recycling:paper": "yes", "recycling_type": "container"}, "district": "Podgórze", "address": "okolice ul. Siemomysła"}}, {"type": "Feature", "geometry": {"type": "Point", "coordinates": [19.9370532, 50.0288759]}, "properties": {"osm_id": "node/1937276128", "tags": {"amenity": "recycling", "recycling:cans": "yes", "recycling:glass": "no", "recycling:glass_bottles": "yes", "recycling:paper": "yes", "recycling:plastic": "yes", "recycling_type": "container"}, "district": "Podgórze", "address": "okolice ul. Księdza Józefa Tischnera"}}, {"type": "Feature", "geometry": {"type": "Point", "coordinates": [19.9984969, 50.04075]}, "properties": {"osm_id": "node/14100903023", "tags": {"amenity": "waste_basket", "colour": "Czarny (black)", "covered": "yes", "material": "wood", "operator": "Spółdzielnia mieszkaniowa bloków przy ul. Przewóz 44 i 44A w Krakowie", "waste": "trash;mixed"}, "district": "Podgórze", "address": "okolice ul. Przewóz"}}, {"type": "Feature", "geometry": {"type": "Point", "coordinates": [19.9645524, 50.0395477]}, "properties": {"osm_id": "node/6418416926", "tags": {"amenity": "waste_basket"}, "district": "Podgórze", "address": "okolice ul. Wielicka"}}, {"type": "Feature", "geometry": {"type": "Point", "coordinates": [19.959882, 50.0311923]}, "properties": {"osm_id": "node/13050197801", "tags": {"amenity": "waste_basket"}, "district": "Podgórze", "address": "okolice: droga do Kinderheimu"}}, {"type": "Feature", "geometry": {"type": "Point", "coordinates": [19.9646918, 50.0504421]}, "properties": {"osm_id": "node/8904605935", "tags": {"amenity": "waste_basket", "colour": "blue", "material": "metal"}, "district": "Podgórze", "address": "okolice ul. Gustawa Herlinga-Grudzińskiego"}}, {"type": "Feature", "geometry": {"type": "Point", "coordinates": [19.9650023, 50.0381999]}, "properties": {"osm_id": "node/8899456730", "tags": {"amenity": "waste_basket"}, "district": "Podgórze", "address": "okolice ul. Ludowa"}}, {"type": "Feature", "geometry": {"type": "Point", "coordinates": [19.9469205, 50.0373092]}, "properties": {"osm_id": "node/13805884005", "tags": {"amenity": "waste_basket"}, "district": "Podgórze", "address": "okolice ul. Krzemionki"}}, {"type": "Feature", "geometry": {"type": "Point", "coordinates": [19.9555662, 50.0432273]}, "properties": {"osm_id": "node/13087226895", "tags": {"amenity": "waste_basket"}, "district": "Podgórze", "address": "okolice ul. Porucznika Antoniego Stawarza"}}, {"type": "Feature", "geometry": {"type": "Point", "coordinates": [19.9984398, 50.0389992]}, "properties": {"osm_id": "node/10983881885", "tags": {"amenity": "waste_basket"}, "district": "Podgórze", "address": "okolice ul. Łanowa"}}, {"type": "Feature", "geometry": {"type": "Point", "coordinates": [19.948577, 50.0431366]}, "properties": {"osm_id": "node/13805910203", "tags": {"amenity": "waste_basket"}, "district": "Podgórze", "address": "okolice ul. Jana Zamoyskiego"}}, {"type": "Feature", "geometry": {"type": "Point", "coordinates": [19.9420348, 50.0431647]}, "properties": {"osm_id": "node/13820996842", "tags": {"amenity": "waste_basket"}, "district": "Podgórze", "address": "okolice ul. Jana Długosza"}}, {"type": "Feature", "geometry": {"type": "Point", "coordinates": [19.9393469, 50.0400489]}, "properties": {"osm_id": "node/13796693711", "tags": {"amenity": "waste_basket", "waste": "trash"}, "district": "Podgórze", "address": "okolice ul. Ignacego Krasickiego"}}, {"type": "Feature", "geometry": {"type": "Point", "coordinates": [19.9722746, 50.042089]}, "properties": {"osm_id": "node/13814327364", "tags": {"amenity": "waste_basket", "waste": "trash"}, "district": "Podgórze", "address": "okolice ul. Krzywda"}}, {"type": "Feature", "geometry": {"type": "Point", "coordinates": [19.9822325, 50.044445]}, "properties": {"osm_id": "node/13510356701", "tags": {"amenity": "waste_basket"}, "district": "Podgórze", "address": "okolice ul. Stróża Rybna"}}, {"type": "Feature", "geometry": {"type": "Point", "coordinates": [19.9888082, 50.0459254]}, "properties": {"osm_id": "node/12180846163", "tags": {"amenity": "waste_basket"}, "district": "Podgórze", "address": "okolice ul. Myśliwska"}}, {"type": "Feature", "geometry": {"type": "Point", "coordinates": [19.9843196, 50.0396551]}, "properties": {"osm_id": "node/12572381286", "tags": {"amenity": "waste_basket", "covered": "no", "indoor": "no", "material": "wood", "waste": "mixed"}, "district": "Podgórze", "address": "okolice ul. Seweryna Goszczyńskiego"}}, {"type": "Feature", "geometry": {"type": "Point", "coordinates": [19.9636376, 50.0474294]}, "properties": {"osm_id": "node/13770814705", "tags": {"amenity": "waste_basket", "waste": "trash"}, "district": "Podgórze", "address": "okolice ul. Tadeusza Romanowicza"}}, {"type": "Feature", "geometry": {"type": "Point", "coordinates": [19.9622411, 50.0372508]}, "properties": {"osm_id": "node/1980896473", "tags": {"amenity": "waste_basket"}, "district": "Podgórze", "address": "okolice al. główna"}}, {"type": "Feature", "geometry": {"type": "Point", "coordinates": [19.9879727, 50.0345698]}, "properties": {"osm_id": "node/13167105428", "tags": {"amenity": "waste_basket"}, "district": "Podgórze", "address": "okolice ul. Mariana Batki"}}, {"type": "Feature", "geometry": {"type": "Point", "coordinates": [19.9528726, 50.0469384]}, "properties": {"osm_id": "node/9153000517", "tags": {"amenity": "waste_basket", "survey:date": "2021-10-06"}, "district": "Podgórze", "address": "okolice ul. Krakusa"}}, {"type": "Feature", "geometry": {"type": "Point", "coordinates": [19.9410618, 50.0372171]}, "properties": {"osm_id": "node/11138682128", "tags": {"amenity": "waste_basket", "waste": "trash"}, "district": "Podgórze", "address": "okolice ul. Kalwaryjska"}}, {"type": "Feature", "geometry": {"type": "Point", "coordinates": [19.9283837, 50.0352895]}, "properties": {"osm_id": "node/9107965119", "tags": {"amenity": "waste_basket", "survey:date": "2021-09-20"}, "district": "Podgórze", "address": null}}, {"type": "Feature", "geometry": {"type": "Point", "coordinates": [19.9432201, 50.0443575]}, "properties": {"osm_id": "node/13820996824", "tags": {"amenity": "waste_basket"}, "district": "Podgórze", "address": "okolice: Bulwar Podolski"}}, {"type": "Feature", "geometry": {"type": "Point", "coordinates": [19.964259, 50.0496094]}, "properties": {"osm_id": "node/7640617275", "tags": {"amenity": "waste_basket"}, "district": "Podgórze", "address": "okolice ul. Tadeusza Romanowicza"}}, {"type": "Feature", "geometry": {"type": "Point", "coordinates": [20.0007151, 50.0431068]}, "properties": {"osm_id": "node/13192119125", "tags": {"amenity": "waste_basket"}, "district": "Podgórze", "address": null}}, {"type": "Feature", "geometry": {"type": "Point", "coordinates": [19.9833498, 50.0387969]}, "properties": {"osm_id": "node/12528908494", "tags": {"amenity": "waste_basket", "covered": "no", "indoor": "no", "material": "wood", "waste": "mixed"}, "district": "Podgórze", "address": "okolice ul. Saska"}}, {"type": "Feature", "geometry": {"type": "Point", "coordinates": [19.9494454, 50.0442277]}, "properties": {"osm_id": "node/13087156239", "tags": {"amenity": "waste_basket"}, "district": "Podgórze", "address": "okolice: Rynek Podgórski"}}, {"type": "Feature", "geometry": {"type": "Point", "coordinates": [20.0117381, 50.0346195]}, "properties": {"osm_id": "node/13150224398", "tags": {"amenity": "waste_basket"}, "district": "Podgórze", "address": "okolice ul. Pułkownika Stanisława Dąbka"}}, {"type": "Feature", "geometry": {"type": "Point", "coordinates": [19.9387479, 50.032964]}, "properties": {"osm_id": "node/14194481446", "tags": {"amenity": "waste_basket"}, "district": "Podgórze", "address": "okolice ul. Wadowicka"}}, {"type": "Feature", "geometry": {"type": "Point", "coordinates": [19.9427191, 50.0393419]}, "properties": {"osm_id": "node/13814486342", "tags": {"amenity": "waste_basket"}, "district": "Podgórze", "address": "okolice ul. Jana Zamoyskiego"}}, {"type": "Feature", "geometry": {"type": "Point", "coordinates": [19.9618116, 50.0323676]}, "properties": {"osm_id": "node/13050167301", "tags": {"amenity": "waste_basket"}, "district": "Podgórze", "address": "okolice: droga do Kinderheimu"}}, {"type": "Feature", "geometry": {"type": "Point", "coordinates": [19.9486316, 50.0462566]}, "properties": {"osm_id": "node/13820987382", "tags": {"amenity": "waste_basket"}, "district": "Podgórze", "address": "okolice: Bulwar Podolski"}}, {"type": "Feature", "geometry": {"type": "Point", "coordinates": [19.9987487, 50.0357338]}, "properties": {"osm_id": "node/13190194003", "tags": {"amenity": "waste_basket"}, "district": "Podgórze", "address": null}}, {"type": "Feature", "geometry": {"type": "Point", "coordinates": [19.9449752, 50.0447609]}, "properties": {"osm_id": "node/13821008332", "tags": {"amenity": "waste_basket"}, "district": "Podgórze", "address": "okolice: Bulwar Podolski"}}, {"type": "Feature", "geometry": {"type": "Point", "coordinates": [19.9402822, 50.0412777]}, "properties": {"osm_id": "node/8974859722", "tags": {"amenity": "waste_basket", "survey:date": "2021-08-02"}, "district": "Podgórze", "address": "okolice ul. Ignacego Krasickiego"}}, {"type": "Feature", "geometry": {"type": "Point", "coordinates": [20.0023258, 50.0444039]}, "properties": {"osm_id": "node/12351139961", "tags": {"amenity": "waste_basket", "colour": "#983e3e", "material": "wood"}, "district": "Podgórze", "address": null}}, {"type": "Feature", "geometry": {"type": "Point", "coordinates": [19.9604556, 50.0364139]}, "properties": {"osm_id": "node/1948128956", "tags": {"amenity": "waste_basket"}, "district": "Podgórze", "address": "okolice al. główna"}}, {"type": "Feature", "geometry": {"type": "Point", "coordinates": [19.9999745, 50.040295]}, "properties": {"osm_id": "node/13192131572", "tags": {"amenity": "waste_basket"}, "district": "Podgórze", "address": "okolice ul. Lipska"}}, {"type": "Feature", "geometry": {"type": "Point", "coordinates": [19.9451151, 50.0428694]}, "properties": {"osm_id": "node/8974860617", "tags": {"amenity": "waste_basket", "survey:date": "2021-08-02"}, "district": "Podgórze", "address": "okolice ul. Kalwaryjska"}}, {"type": "Feature", "geometry": {"type": "Point", "coordinates": [19.931476, 50.0346118]}, "properties": {"osm_id": "node/14194481467", "tags": {"amenity": "waste_basket"}, "district": "Podgórze", "address": "okolice ul. Tadeusza Szafrana"}}, {"type": "Feature", "geometry": {"type": "Point", "coordinates": [19.9418853, 50.0441342]}, "properties": {"osm_id": "node/12868356821", "tags": {"amenity": "waste_basket"}, "district": "Podgórze", "address": "okolice ul. Karola Rollego"}}, {"type": "Feature", "geometry": {"type": "Point", "coordinates": [19.9834154, 50.0453711]}, "properties": {"osm_id": "node/12297688321", "tags": {"amenity": "waste_basket", "waste": "trash"}, "district": "Podgórze", "address": "okolice ul. Saska"}}, {"type": "Feature", "geometry": {"type": "Point", "coordinates": [19.9464108, 50.0433456]}, "properties": {"osm_id": "node/9053632118", "tags": {"amenity": "waste_basket", "survey:date": "2021-09-01"}, "district": "Podgórze", "address": "okolice ul. Korona 01"}}, {"type": "Feature", "geometry": {"type": "Point", "coordinates": [19.9482458, 50.0422956]}, "properties": {"osm_id": "node/11136724527", "tags": {"amenity": "waste_basket"}, "district": "Podgórze", "address": "okolice ul. Jana Zamoyskiego"}}, {"type": "Feature", "geometry": {"type": "Point", "coordinates": [19.9986183, 50.0331861]}, "properties": {"osm_id": "node/13150158872", "tags": {"amenity": "waste_basket"}, "district": "Podgórze", "address": "okolice ul. Bagrowa"}}, {"type": "Feature", "geometry": {"type": "Point", "coordinates": [19.94415, 50.0438953]}, "properties": {"osm_id": "node/13821019444", "tags": {"amenity": "waste_basket"}, "district": "Podgórze", "address": "okolice ul. Sokolska"}}, {"type": "Feature", "geometry": {"type": "Point", "coordinates": [20.1816712, 50.0544477]}, "properties": {"osm_id": "node/1937276195", "tags": {"amenity": "recycling", "recycling:glass": "yes", "recycling:paper": "yes", "recycling:plastic": "yes", "recycling:scrap_metal": "yes", "recycling_type": "container"}, "district": "Nowa Huta", "address": "okolice ul. Przylasek"}}, {"type": "Feature", "geometry": {"type": "Point", "coordinates": [20.0372111, 50.0745862]}, "properties": {"osm_id": "node/11035337325", "tags": {"amenity": "recycling", "check_date:recycling": "2024-09-24", "recycling:glass_bottles": "yes", "recycling_type": "container"}, "district": "Nowa Huta", "address": "okolice al. Przyjaźni"}}, {"type": "Feature", "geometry": {"type": "Point", "coordinates": [20.0389012, 50.0744125]}, "properties": {"osm_id": "node/11230492362", "tags": {"amenity": "recycling", "location": "overground", "recycling:glass_bottles": "yes", "recycling_type": "container"}, "district": "Nowa Huta", "address": "okolice al. Przyjaźni"}}, {"type": "Feature", "geometry": {"type": "Point", "coordinates": [20.0364429, 50.0828385]}, "properties": {"osm_id": "node/13055749163", "tags": {"amenity": "recycling", "recycling:glass_bottles": "yes", "recycling_type": "container"}, "district": "Nowa Huta", "address": null}}, {"type": "Feature", "geometry": {"type": "Point", "coordinates": [20.0420537, 50.0818839]}, "properties": {"osm_id": "node/13890392407", "tags": {"amenity": "recycling", "recycling:glass_bottles": "yes", "recycling_type": "container"}, "district": "Nowa Huta", "address": null}}, {"type": "Feature", "geometry": {"type": "Point", "coordinates": [20.039197, 50.0832186]}, "properties": {"osm_id": "node/13890376632", "tags": {"amenity": "recycling", "recycling:glass_bottles": "yes", "recycling_type": "container"}, "district": "Nowa Huta", "address": "okolice ul. Osiedlowa"}}, {"type": "Feature", "geometry": {"type": "Point", "coordinates": [20.043139, 50.0789068]}, "properties": {"osm_id": "node/11098736156", "tags": {"amenity": "recycling", "recycling:glass_bottles": "yes", "recycling:paper": "yes", "recycling_type": "container"}, "district": "Nowa Huta", "address": "okolice ul. Stefana Żeromskiego"}}, {"type": "Feature", "geometry": {"type": "Point", "coordinates": [20.0364138, 50.0769151]}, "properties": {"osm_id": "node/1937276318", "tags": {"amenity": "recycling", "recycling:cans": "yes", "recycling:glass_bottles": "yes", "recycling:paper": "yes", "recycling:plastic": "yes", "recycling:scrap_metal": "yes", "recycling_type": "container"}, "district": "Nowa Huta", "address": "okolice ul. Edwarda Rydza-Śmigłego"}}, {"type": "Feature", "geometry": {"type": "Point", "coordinates": [20.0520043, 50.0744984]}, "properties": {"osm_id": "node/11768845930", "tags": {"amenity": "recycling", "recycling:glass_bottles": "yes", "recycling_type": "container"}, "district": "Nowa Huta", "address": null}}, {"type": "Feature", "geometry": {"type": "Point", "coordinates": [20.0290991, 50.0767449]}, "properties": {"osm_id": "node/14063146999", "tags": {"amenity": "recycling", "recycling:glass_bottles": "yes", "recycling:paper": "yes", "recycling_type": "container"}, "district": "Nowa Huta", "address": null}}, {"type": "Feature", "geometry": {"type": "Point", "coordinates": [20.033009, 50.0745704]}, "properties": {"osm_id": "node/12254814847", "tags": {"amenity": "recycling", "recycling:glass_bottles": "yes", "recycling_type": "container"}, "district": "Nowa Huta", "address": "okolice ul. Artystów"}}, {"type": "Feature", "geometry": {"type": "Point", "coordinates": [20.0391671, 50.0770391]}, "properties": {"osm_id": "node/11027161642", "tags": {"amenity": "recycling", "recycling:glass_bottles": "yes", "recycling_type": "container"}, "district": "Nowa Huta", "address": "okolice al. Róż"}}, {"type": "Feature", "geometry": {"type": "Point", "coordinates": [20.0448327, 50.0716926]}, "properties": {"osm_id": "node/1937276269", "tags": {"amenity": "recycling", "check_date:recycling": "2025-02-05", "recycling:glass_bottles": "yes", "recycling_type": "container"}, "district": "Nowa Huta", "address": "okolice ul. Stanisława Mierzwy"}}, {"type": "Feature", "geometry": {"type": "Point", "coordinates": [20.0425572, 50.0725959]}, "properties": {"osm_id": "node/12967347544", "tags": {"amenity": "recycling", "recycling:glass_bottles": "yes", "recycling_type": "container"}, "district": "Nowa Huta", "address": "okolice ul. Jana Gajocha"}}, {"type": "Feature", "geometry": {"type": "Point", "coordinates": [20.0353876, 50.0758346]}, "properties": {"osm_id": "node/11139681791", "tags": {"amenity": "recycling", "recycling:glass_bottles": "yes", "recycling_type": "container"}, "district": "Nowa Huta", "address": "okolice ul. Generała Feliksa Deli"}}, {"type": "Feature", "geometry": {"type": "Point", "coordinates": [20.0337077, 50.0760658]}, "properties": {"osm_id": "node/13893200156", "tags": {"amenity": "recycling", "recycling:glass_bottles": "yes", "recycling_type": "container"}, "district": "Nowa Huta", "address": "okolice ul. Generała Feliksa Deli"}}, {"type": "Feature", "geometry": {"type": "Point", "coordinates": [20.029314, 50.0798355]}, "properties": {"osm_id": "node/13953696900", "tags": {"amenity": "recycling", "recycling:glass_bottles": "yes", "recycling_type": "container"}, "district": "Nowa Huta", "address": "okolice ul. Kocmyrzowska"}}, {"type": "Feature", "geometry": {"type": "Point", "coordinates": [20.0271707, 50.0784987]}, "properties": {"osm_id": "node/13921805597", "tags": {"amenity": "recycling", "recycling:glass_bottles": "yes", "recycling_type": "container"}, "district": "Nowa Huta", "address": "okolice ul. Bieńczycka"}}, {"type": "Feature", "geometry": {"type": "Point", "coordinates": [20.0396634, 50.0732995]}, "properties": {"osm_id": "node/11955985906", "tags": {"amenity": "recycling", "recycling:glass_bottles": "yes", "recycling_type": "container"}, "district": "Nowa Huta", "address": "okolice al. Solidarności"}}, {"type": "Feature", "geometry": {"type": "Point", "coordinates": [20.019434, 50.0740086]}, "properties": {"osm_id": "node/12547009268", "tags": {"amenity": "recycling", "check_date:recycling": "2026-03-06", "recycling:glass_bottles": "yes", "recycling_type": "container"}, "district": "Nowa Huta", "address": "okolice al. Jana Pawła II"}}, {"type": "Feature", "geometry": {"type": "Point", "coordinates": [20.0503926, 50.0599344]}, "properties": {"osm_id": "node/1937276211", "tags": {"amenity": "recycling", "check_date": "2021-07-13", "recycling:clothes": "yes", "recycling:glass": "yes", "recycling:glass_bottles": "yes", "recycling:paper": "yes", "recycling:plastic": "yes", "recycling:scrap_metal": "yes", "recycling_type": "container"}, "district": "Nowa Huta", "address": "okolice ul. Stare Wiślisko"}}, {"type": "Feature", "geometry": {"type": "Point", "coordinates": [20.025575, 50.0734464]}, "properties": {"osm_id": "node/13457322123", "tags": {"amenity": "recycling", "recycling:glass_bottles": "yes", "recycling:paper": "yes", "recycling_type": "container"}, "district": "Nowa Huta", "address": null}}, {"type": "Feature", "geometry": {"type": "Point", "coordinates": [20.1430994, 50.0569786]}, "properties": {"osm_id": "node/1937276199", "tags": {"amenity": "recycling", "recycling:glass": "yes", "recycling:paper": "yes", "recycling:plastic": "yes", "recycling:scrap_metal": "yes", "recycling_type": "container"}, "district": "Nowa Huta", "address": "okolice ul. Zaporębie"}}, {"type": "Feature", "geometry": {"type": "Point", "coordinates": [20.0404895, 50.0741864]}, "properties": {"osm_id": "node/12112736090", "tags": {"amenity": "recycling", "recycling:glass_bottles": "yes", "recycling_type": "container"}, "district": "Nowa Huta", "address": "okolice al. Przyjaźni"}}, {"type": "Feature", "geometry": {"type": "Point", "coordinates": [20.0460541, 50.0774742]}, "properties": {"osm_id": "node/13485396350", "tags": {"amenity": "recycling", "recycling:glass_bottles": "yes", "recycling_type": "container"}, "district": "Nowa Huta", "address": "okolice ul. Edwarda Rydza-Śmigłego"}}, {"type": "Feature", "geometry": {"type": "Point", "coordinates": [20.0268177, 50.0759]}, "properties": {"osm_id": "node/12141934740", "tags": {"amenity": "waste_basket"}, "district": "Nowa Huta", "address": "okolice ul. Wiśniowy Sad"}}, {"type": "Feature", "geometry": {"type": "Point", "coordinates": [20.0300283, 50.0744023]}, "properties": {"osm_id": "node/4313560246", "tags": {"amenity": "waste_basket", "check_date": "2023-04-05"}, "district": "Nowa Huta", "address": "okolice ul. Generała Mieczysława Boruty-Spiechowicza"}}, {"type": "Feature", "geometry": {"type": "Point", "coordinates": [20.0352509, 50.0733586]}, "properties": {"osm_id": "node/12993275975", "tags": {"amenity": "waste_basket"}, "district": "Nowa Huta", "address": "okolice al. Generała Władysława Andersa"}}, {"type": "Feature", "geometry": {"type": "Point", "coordinates": [20.0452005, 50.0818675]}, "properties": {"osm_id": "node/13057517272", "tags": {"amenity": "waste_basket"}, "district": "Nowa Huta", "address": "okolice ul. Bulwarowa"}}, {"type": "Feature", "geometry": {"type": "Point", "coordinates": [20.0450246, 50.0762192]}, "properties": {"osm_id": "node/11381692125", "tags": {"amenity": "waste_basket"}, "district": "Nowa Huta", "address": "okolice ul. Edwarda Rydza-Śmigłego"}}, {"type": "Feature", "geometry": {"type": "Point", "coordinates": [20.045286, 50.0725992]}, "properties": {"osm_id": "node/13505917001", "tags": {"amenity": "waste_basket"}, "district": "Nowa Huta", "address": "okolice ul. Stanisława Mierzwy"}}, {"type": "Feature", "geometry": {"type": "Point", "coordinates": [20.0451809, 50.0745502]}, "properties": {"osm_id": "node/13739254157", "tags": {"amenity": "waste_basket"}, "district": "Nowa Huta", "address": "okolice al. Solidarności"}}, {"type": "Feature", "geometry": {"type": "Point", "coordinates": [20.0402206, 50.0759697]}, "properties": {"osm_id": "node/11697717948", "tags": {"amenity": "waste_basket"}, "district": "Nowa Huta", "address": "okolice ul. Pułkownika Edwarda Gardy-Godlewskiego"}}, {"type": "Feature", "geometry": {"type": "Point", "coordinates": [20.0279224, 50.0802176]}, "properties": {"osm_id": "node/12741850230", "tags": {"amenity": "waste_basket"}, "district": "Nowa Huta", "address": "okolice ul. Kocmyrzowska"}}, {"type": "Feature", "geometry": {"type": "Point", "coordinates": [20.0320231, 50.0767056]}, "properties": {"osm_id": "node/14053834238", "tags": {"amenity": "waste_basket"}, "district": "Nowa Huta", "address": "okolice ul. Generała Feliksa Deli"}}, {"type": "Feature", "geometry": {"type": "Point", "coordinates": [20.142066, 50.0595014]}, "properties": {"osm_id": "node/12297443751", "tags": {"amenity": "waste_basket", "waste": "trash"}, "district": "Nowa Huta", "address": "okolice ul. Branicka"}}, {"type": "Feature", "geometry": {"type": "Point", "coordinates": [20.0380031, 50.0755363]}, "properties": {"osm_id": "node/13535881609", "tags": {"amenity": "waste_basket"}, "district": "Nowa Huta", "address": "okolice ul. Andrzeja Szewczyka"}}, {"type": "Feature", "geometry": {"type": "Point", "coordinates": [20.034829, 50.0785868]}, "properties": {"osm_id": "node/13311945969", "tags": {"amenity": "waste_basket"}, "district": "Nowa Huta", "address": "okolice ul. Ludźmierska"}}, {"type": "Feature", "geometry": {"type": "Point", "coordinates": [20.0385375, 50.0702378]}, "properties": {"osm_id": "node/13049843889", "tags": {"amenity": "waste_basket"}, "district": "Nowa Huta", "address": null}}, {"type": "Feature", "geometry": {"type": "Point", "coordinates": [20.0367902, 50.0806962]}, "properties": {"osm_id": "node/13018568149", "tags": {"amenity": "waste_basket"}, "district": "Nowa Huta", "address": null}}, {"type": "Feature", "geometry": {"type": "Point", "coordinates": [20.0411854, 50.0807161]}, "properties": {"osm_id": "node/13881472756", "tags": {"amenity": "waste_basket"}, "district": "Nowa Huta", "address": "okolice ul. Ignacego Mościckiego"}}, {"type": "Feature", "geometry": {"type": "Point", "coordinates": [20.0426224, 50.0771518]}, "properties": {"osm_id": "node/11830937375", "tags": {"amenity": "waste_basket"}, "district": "Nowa Huta", "address": null}}, {"type": "Feature", "geometry": {"type": "Point", "coordinates": [20.0395603, 50.0787412]}, "properties": {"osm_id": "node/11938827369", "tags": {"amenity": "waste_basket"}, "district": "Nowa Huta", "address": "okolice al. Róż"}}, {"type": "Feature", "geometry": {"type": "Point", "coordinates": [20.041392, 50.0631885]}, "properties": {"osm_id": "node/13731513955", "tags": {"amenity": "waste_basket"}, "district": "Nowa Huta", "address": null}}, {"type": "Feature", "geometry": {"type": "Point", "coordinates": [20.0463885, 50.0730789]}, "properties": {"osm_id": "node/13649547040", "tags": {"amenity": "waste_basket"}, "district": "Nowa Huta", "address": null}}, {"type": "Feature", "geometry": {"type": "Point", "coordinates": [20.0419232, 50.0706952]}, "properties": {"osm_id": "node/12717692810", "tags": {"amenity": "waste_basket"}, "district": "Nowa Huta", "address": "okolice al. Jana Pawła II"}}, {"type": "Feature", "geometry": {"type": "Point", "coordinates": [20.0446213, 50.063141]}, "properties": {"osm_id": "node/13731592470", "tags": {"amenity": "waste_basket"}, "district": "Nowa Huta", "address": null}}, {"type": "Feature", "geometry": {"type": "Point", "coordinates": [20.0336273, 50.0751778]}, "properties": {"osm_id": "node/11425485997", "tags": {"amenity": "waste_basket"}, "district": "Nowa Huta", "address": "okolice al. Generała Władysława Andersa"}}, {"type": "Feature", "geometry": {"type": "Point", "coordinates": [20.0507702, 50.0665057]}, "properties": {"osm_id": "node/12636791658", "tags": {"amenity": "waste_basket"}, "district": "Nowa Huta", "address": "okolice ul. Wacława Sieroszewskiego"}}, {"type": "Feature", "geometry": {"type": "Point", "coordinates": [20.0408988, 50.0798165]}, "properties": {"osm_id": "node/13016227416", "tags": {"amenity": "waste_basket"}, "district": "Nowa Huta", "address": "okolice al. Róż"}}, {"type": "Feature", "geometry": {"type": "Point", "coordinates": [20.0402003, 50.078085]}, "properties": {"osm_id": "node/13347925349", "tags": {"amenity": "waste_basket"}, "district": "Nowa Huta", "address": "okolice al. Róż"}}, {"type": "Feature", "geometry": {"type": "Point", "coordinates": [20.0510188, 50.075191]}, "properties": {"osm_id": "node/12826432065", "tags": {"amenity": "waste_basket"}, "district": "Nowa Huta", "address": "okolice al. Solidarności"}}, {"type": "Feature", "geometry": {"type": "Point", "coordinates": [20.0526164, 50.0700418]}, "properties": {"osm_id": "node/12177046574", "tags": {"amenity": "waste_basket"}, "district": "Nowa Huta", "address": "okolice ul. Bulwarowa"}}, {"type": "Feature", "geometry": {"type": "Point", "coordinates": [20.0429733, 50.0803131]}, "properties": {"osm_id": "node/13047791681", "tags": {"amenity": "waste_basket"}, "district": "Nowa Huta", "address": "okolice ul. Ignacego Mościckiego"}}, {"type": "Feature", "geometry": {"type": "Point", "coordinates": [20.0459955, 50.0714329]}, "properties": {"osm_id": "node/13697544790", "tags": {"amenity": "waste_basket"}, "district": "Nowa Huta", "address": "okolice ul. Zuchów"}}, {"type": "Feature", "geometry": {"type": "Point", "coordinates": [20.0337255, 50.0711127]}, "properties": {"osm_id": "node/12574978081", "tags": {"amenity": "waste_basket"}, "district": "Nowa Huta", "address": "okolice al. Jana Pawła II"}}, {"type": "Feature", "geometry": {"type": "Point", "coordinates": [20.0308888, 50.0798338]}, "properties": {"osm_id": "node/12319238079", "tags": {"amenity": "waste_basket"}, "district": "Nowa Huta", "address": null}}, {"type": "Feature", "geometry": {"type": "Point", "coordinates": [20.0311327, 50.0748076]}, "properties": {"osm_id": "node/13033368430", "tags": {"amenity": "waste_basket"}, "district": "Nowa Huta", "address": null}}, {"type": "Feature", "geometry": {"type": "Point", "coordinates": [20.0451263, 50.0684594]}, "properties": {"osm_id": "node/12300200524", "tags": {"amenity": "waste_basket", "waste": "trash"}, "district": "Nowa Huta", "address": "okolice ul. Jakuba Zachemskiego"}}, {"type": "Feature", "geometry": {"type": "Point", "coordinates": [20.0395471, 50.0752613]}, "properties": {"osm_id": "node/11872052441", "tags": {"amenity": "waste_basket"}, "district": "Nowa Huta", "address": "okolice al. Przyjaźni"}}, {"type": "Feature", "geometry": {"type": "Point", "coordinates": [20.0316981, 50.0759312]}, "properties": {"osm_id": "node/12993264232", "tags": {"amenity": "waste_basket"}, "district": "Nowa Huta", "address": "okolice al. Generała Władysława Andersa"}}, {"type": "Feature", "geometry": {"type": "Point", "coordinates": [20.0230055, 50.0763072]}, "properties": {"osm_id": "node/13755929013", "tags": {"amenity": "waste_basket"}, "district": "Nowa Huta", "address": "okolice ul. Bieńczycka"}}, {"type": "Feature", "geometry": {"type": "Point", "coordinates": [20.0495597, 50.0700105]}, "properties": {"osm_id": "node/13697543367", "tags": {"amenity": "waste_basket"}, "district": "Nowa Huta", "address": "okolice ul. Gustawa Daniłowskiego"}}, {"type": "Feature", "geometry": {"type": "Point", "coordinates": [20.0290161, 50.0780322]}, "properties": {"osm_id": "node/12111162934", "tags": {"amenity": "waste_basket"}, "district": "Nowa Huta", "address": "okolice al. Generała Władysława Andersa"}}, {"type": "Feature", "geometry": {"type": "Point", "coordinates": [20.1294071, 50.0725213]}, "properties": {"osm_id": "node/11829923493", "tags": {"amenity": "waste_basket"}, "district": "Nowa Huta", "address": "okolice ul. Stanisława Buratyńskiego"}}, {"type": "Feature", "geometry": {"type": "Point", "coordinates": [20.0376465, 50.0827965]}, "properties": {"osm_id": "node/12714123925", "tags": {"amenity": "waste_basket"}, "district": "Nowa Huta", "address": "okolice ul. Stalowa"}}, {"type": "Feature", "geometry": {"type": "Point", "coordinates": [20.0405658, 50.0768701]}, "properties": {"osm_id": "node/14118117330", "tags": {"amenity": "waste_basket"}, "district": "Nowa Huta", "address": "okolice ul. Edwarda Rydza-Śmigłego"}}, {"type": "Feature", "geometry": {"type": "Point", "coordinates": [20.0481102, 50.0786643]}, "properties": {"osm_id": "node/13051613364", "tags": {"amenity": "waste_basket"}, "district": "Nowa Huta", "address": null}}, {"type": "Feature", "geometry": {"type": "Point", "coordinates": [20.1450413, 50.0592013]}, "properties": {"osm_id": "node/12583166059", "tags": {"amenity": "waste_basket", "waste": "ś"}, "district": "Nowa Huta", "address": "okolice ul. Generała Michała Karaszewicza-Tokarzewskiego"}}, {"type": "Feature", "geometry": {"type": "Point", "coordinates": [20.0455166, 50.0736446]}, "properties": {"osm_id": "node/11970643284", "tags": {"amenity": "waste_basket"}, "district": "Nowa Huta", "address": "okolice al. Solidarności"}}, {"type": "Feature", "geometry": {"type": "Point", "coordinates": [19.9194013, 50.02997]}, "properties": {"osm_id": "node/3016772351", "tags": {"amenity": "recycling", "location": "overground", "recycling:cans": "yes", "recycling:food_waste": "yes", "recycling:paper": "yes", "recycling:plastic": "yes", "recycling:scrap_metal": "yes", "recycling_type": "container"}, "district": "Dębniki", "address": "okolice ul. Kobierzyńska"}}, {"type": "Feature", "geometry": {"type": "Point", "coordinates": [19.9059501, 50.0151331]}, "properties": {"osm_id": "node/1937275954", "tags": {"amenity": "recycling", "recycling:glass": "yes", "recycling:paper": "yes", "recycling:plastic": "yes", "recycling:scrap_metal": "yes", "recycling_type": "container"}, "district": "Dębniki", "address": "okolice ul. Obozowa"}}, {"type": "Feature", "geometry": {"type": "Point", "coordinates": [19.8946172, 50.0161351]}, "properties": {"osm_id": "node/12858767527", "tags": {"amenity": "recycling", "recycling:glass": "yes", "recycling:glass_bottles": "yes", "recycling_type": "container"}, "district": "Dębniki", "address": "okolice ul. Profesora Władysława Konopczyńskiego"}}, {"type": "Feature", "geometry": {"type": "Point", "coordinates": [19.895565, 50.0173164]}, "properties": {"osm_id": "node/12858767537", "tags": {"amenity": "recycling", "recycling:glass": "yes", "recycling:glass_bottles": "yes", "recycling_type": "container"}, "district": "Dębniki", "address": "okolice ul. Profesora Władysława Konopczyńskiego"}}, {"type": "Feature", "geometry": {"type": "Point", "coordinates": [19.9388517, 50.0444002]}, "properties": {"osm_id": "node/8957443218", "tags": {"amenity": "recycling", "location": "overground", "recycling:beverage_cartons": "yes", "recycling:glass_bottles": "yes", "recycling:paper": "yes", "recycling:plastic": "no", "recycling:plastic_bottles": "yes", "recycling:plastic_packaging": "no", "recycling_type": "container", "survey:date": "2021-07-28"}, "district": "Dębniki", "address": "okolice ul. Ludwinowska"}}, {"type": "Feature", "geometry": {"type": "Point", "coordinates": [19.9136125, 50.0493912]}, "properties": {"osm_id": "node/1937276181", "tags": {"amenity": "recycling", "recycling:glass": "yes", "recycling:paper": "yes", "recycling:plastic": "yes", "recycling:scrap_metal": "yes", "recycling_type": "container"}, "district": "Dębniki", "address": "okolice ul. Czarodziejska"}}, {"type": "Feature", "geometry": {"type": "Point", "coordinates": [19.8642885, 49.9905422]}, "properties": {"osm_id": "node/1937275698", "tags": {"amenity": "recycling", "recycling:clothes": "yes", "recycling:glass": "yes", "recycling:paper": "yes", "recycling:plastic": "yes", "recycling:scrap_metal": "yes", "recycling_type": "container"}, "district": "Dębniki", "address": "okolice ul. Mieczysława Wrony"}}, {"type": "Feature", "geometry": {"type": "Point", "coordinates": [19.9189255, 50.0274071]}, "properties": {"osm_id": "node/12566127820", "tags": {"amenity": "recycling", "recycling:glass_bottles": "yes", "recycling:paper": "yes", "recycling_type": "container"}, "district": "Dębniki", "address": "okolice ul. Zygmunta Miłkowskiego"}}, {"type": "Feature", "geometry": {"type": "Point", "coordinates": [19.9030106, 50.0249351]}, "properties": {"osm_id": "node/1937276121", "tags": {"amenity": "recycling", "recycling:glass": "yes", "recycling:glass_bottles": "yes", "recycling:paper": "yes", "recycling:plastic": "yes", "recycling:scrap_metal": "yes", "recycling_type": "container"}, "district": "Dębniki", "address": "okolice ul. Jana Gutenberga"}}, {"type": "Feature", "geometry": {"type": "Point", "coordinates": [19.9325101, 50.0427708]}, "properties": {"osm_id": "node/8998721618", "tags": {"amenity": "recycling", "recycling:glass_bottles": "yes", "recycling_type": "container", "survey:date": "2021-08-11"}, "district": "Dębniki", "address": "okolice ul. Komandosów"}}, {"type": "Feature", "geometry": {"type": "Point", "coordinates": [19.9221208, 50.0339588]}, "properties": {"osm_id": "node/1937276135", "tags": {"amenity": "recycling", "recycling:glass": "yes", "recycling:paper": "yes", "recycling:plastic": "yes", "recycling:scrap_metal": "yes", "recycling_type": "container"}, "district": "Dębniki", "address": "okolice ul. Pychowicka"}}, {"type": "Feature", "geometry": {"type": "Point", "coordinates": [19.9104187, 50.0283323]}, "properties": {"osm_id": "node/14225737840", "tags": {"amenity": "recycling", "recycling:glass_bottles": "yes", "recycling_type": "container"}, "district": "Dębniki", "address": "okolice ul. Stefana Grota-Roweckiego"}}, {"type": "Feature", "geometry": {"type": "Point", "coordinates": [19.923982, 50.0381779]}, "properties": {"osm_id": "node/1937276140", "tags": {"amenity": "recycling", "recycling:glass": "yes", "recycling:paper": "yes", "recycling:plastic": "yes", "recycling:scrap_metal": "yes", "recycling_type": "container"}, "district": "Dębniki", "address": "okolice ul. Ceglarska"}}, {"type": "Feature", "geometry": {"type": "Point", "coordinates": [19.9019279, 50.0206956]}, "properties": {"osm_id": "node/1937276037", "tags": {"amenity": "recycling", "recycling:glass": "yes", "recycling:paper": "yes", "recycling:plastic": "yes", "recycling:scrap_metal": "yes", "recycling_type": "container"}, "district": "Dębniki", "address": "okolice ul. Szuwarowa"}}, {"type": "Feature", "geometry": {"type": "Point", "coordinates": [19.9140815, 50.0299618]}, "properties": {"osm_id": "node/12480150100", "tags": {"amenity": "recycling", "recycling:paper": "yes", "recycling_type": "container"}, "district": "Dębniki", "address": "okolice ul. Stefana Grota-Roweckiego"}}, {"type": "Feature", "geometry": {"type": "Point", "coordinates": [19.9197444, 50.0310729]}, "properties": {"osm_id": "node/12269466263", "tags": {"amenity": "recycling", "opening_hours": "24/7", "recycling:glass": "yes", "recycling:glass_bottles": "yes", "recycling_type": "container"}, "district": "Dębniki", "address": "okolice ul. Kobierzyńska"}}, {"type": "Feature", "geometry": {"type": "Point", "coordinates": [19.9212444, 50.0310826]}, "properties": {"osm_id": "node/12500728350", "tags": {"amenity": "recycling", "recycling:glass_bottles": "yes", "recycling:paper": "yes", "recycling:plastic": "yes", "recycling_type": "container"}, "district": "Dębniki", "address": "okolice ul. Stefana Grota-Roweckiego"}}, {"type": "Feature", "geometry": {"type": "Point", "coordinates": [19.8725879, 50.04124]}, "properties": {"osm_id": "node/1937276147", "tags": {"amenity": "recycling", "recycling:glass": "yes", "recycling:paper": "yes", "recycling:plastic": "yes", "recycling:scrap_metal": "yes", "recycling_type": "container"}, "district": "Dębniki", "address": "okolice ul. Widłakowa"}}, {"type": "Feature", "geometry": {"type": "Point", "coordinates": [19.9218777, 50.0270142]}, "properties": {"osm_id": "node/1802624046", "tags": {"amenity": "recycling", "check_date": "2021-08-26", "recycling:glass": "yes", "recycling:paper": "yes", "recycling:plastic": "yes", "recycling:scrap_metal": "yes", "recycling_type": "container"}, "district": "Dębniki", "address": "okolice ul. Wacława Lipińskiego"}}, {"type": "Feature", "geometry": {"type": "Point", "coordinates": [19.9130536, 50.045914]}, "properties": {"osm_id": "node/1937276167", "tags": {"amenity": "recycling", "recycling:glass": "yes", "recycling:paper": "yes", "recycling:plastic": "yes", "recycling:scrap_metal": "yes", "recycling_type": "container"}, "district": "Dębniki", "address": "okolice ul. Generała Bohdana Zielińskiego"}}, {"type": "Feature", "geometry": {"type": "Point", "coordinates": [19.917754, 50.0412218]}, "properties": {"osm_id": "node/8951585017", "tags": {"amenity": "recycling", "recycling:beverage_cartons": "no", "recycling:glass_bottles": "yes", "recycling:paper": "yes", "recycling:plastic": "no", "recycling:plastic_bottles": "yes", "recycling:plastic_packaging": "no", "recycling_type": "container", "survey:date": "2021-07-26"}, "district": "Dębniki", "address": "okolice ul. Wyłom"}}, {"type": "Feature", "geometry": {"type": "Point", "coordinates": [19.9181532, 50.0293182]}, "properties": {"osm_id": "node/12255853899", "tags": {"amenity": "recycling", "recycling:glass": "yes", "recycling:glass_bottles": "yes", "recycling_type": "container"}, "district": "Dębniki", "address": "okolice ul. Kobierzyńska"}}, {"type": "Feature", "geometry": {"type": "Point", "coordinates": [19.853396, 50.0308369]}, "properties": {"osm_id": "node/10059562471", "tags": {"amenity": "recycling", "recycling:glass": "yes", "recycling:paper": "yes", "recycling:plastic": "yes", "recycling_type": "container"}, "district": "Dębniki", "address": "okolice ul. Krzewowa"}}, {"type": "Feature", "geometry": {"type": "Point", "coordinates": [19.9097002, 50.0240734]}, "properties": {"osm_id": "node/1937276118", "tags": {"amenity": "recycling", "recycling:glass": "yes", "recycling:paper": "yes", "recycling:plastic": "yes", "recycling:scrap_metal": "yes", "recycling_type": "container"}, "district": "Dębniki", "address": "okolice ul. Zachodnia"}}, {"type": "Feature", "geometry": {"type": "Point", "coordinates": [19.8143524, 50.0084226]}, "properties": {"osm_id": "node/1937275842", "tags": {"amenity": "recycling", "recycling:clothes": "yes", "recycling:glass": "yes", "recycling:paper": "yes", "recycling:plastic": "yes", "recycling:scrap_metal": "yes", "recycling_type": "container"}, "district": "Dębniki", "address": "okolice ul. Bogucianka"}}, {"type": "Feature", "geometry": {"type": "Point", "coordinates": [19.9261982, 50.0424608]}, "properties": {"osm_id": "node/8979675017", "tags": {"amenity": "recycling", "location": "overground", "recycling:glass_bottles": "yes", "recycling_type": "container", "survey:date": "2021-08-04"}, "district": "Dębniki", "address": "okolice ul. Słomiana"}}, {"type": "Feature", "geometry": {"type": "Point", "coordinates": [19.9086759, 50.0396668]}, "properties": {"osm_id": "node/14074364983", "tags": {"amenity": "waste_basket"}, "district": "Dębniki", "address": "okolice ul. Zielna"}}, {"type": "Feature", "geometry": {"type": "Point", "coordinates": [19.9243355, 50.0433965]}, "properties": {"osm_id": "node/8957093422", "tags": {"amenity": "waste_basket", "survey:date": "2021-07-28"}, "district": "Dębniki", "address": "okolice ul. Dworska"}}, {"type": "Feature", "geometry": {"type": "Point", "coordinates": [19.9161578, 50.0491034]}, "properties": {"osm_id": "node/14129456021", "tags": {"amenity": "waste_basket"}, "district": "Dębniki", "address": null}}, {"type": "Feature", "geometry": {"type": "Point", "coordinates": [19.9091198, 50.0428069]}, "properties": {"osm_id": "node/11809535062", "tags": {"amenity": "waste_basket"}, "district": "Dębniki", "address": "okolice al. Elvisa Presleya"}}, {"type": "Feature", "geometry": {"type": "Point", "coordinates": [19.9051075, 50.018285]}, "properties": {"osm_id": "node/12795249270", "tags": {"amenity": "waste_basket"}, "district": "Dębniki", "address": "okolice ul. Kobierzyńska"}}, {"type": "Feature", "geometry": {"type": "Point", "coordinates": [19.9074333, 50.0482021]}, "properties": {"osm_id": "node/14129053899", "tags": {"amenity": "waste_basket"}, "district": "Dębniki", "address": "okolice ul. Tyniecka"}}, {"type": "Feature", "geometry": {"type": "Point", "coordinates": [19.9107238, 50.0218796]}, "properties": {"osm_id": "node/13268957076", "tags": {"amenity": "waste_basket"}, "district": "Dębniki", "address": "okolice ul. Sąsiedzka"}}, {"type": "Feature", "geometry": {"type": "Point", "coordinates": [19.9130674, 50.0346784]}, "properties": {"osm_id": "node/13787016700", "tags": {"amenity": "waste_basket"}, "district": "Dębniki", "address": "okolice ul. Wyłom"}}, {"type": "Feature", "geometry": {"type": "Point", "coordinates": [19.9081175, 50.0337159]}, "properties": {"osm_id": "node/14235278201", "tags": {"amenity": "waste_basket"}, "district": "Dębniki", "address": "okolice ul. Norymberska"}}, {"type": "Feature", "geometry": {"type": "Point", "coordinates": [19.9303156, 50.0447509]}, "properties": {"osm_id": "node/8998721918", "tags": {"amenity": "waste_basket", "survey:date": "2021-08-11"}, "district": "Dębniki", "address": "okolice ul. Komandosów"}}, {"type": "Feature", "geometry": {"type": "Point", "coordinates": [19.8995118, 50.0386139]}, "properties": {"osm_id": "node/14129095714", "tags": {"amenity": "waste_basket"}, "district": "Dębniki", "address": "okolice ul. Tyniecka"}}, {"type": "Feature", "geometry": {"type": "Point", "coordinates": [19.9092284, 50.0330861]}, "properties": {"osm_id": "node/14235266301", "tags": {"amenity": "waste_basket"}, "district": "Dębniki", "address": "okolice ul. Norymberska"}}, {"type": "Feature", "geometry": {"type": "Point", "coordinates": [19.9264567, 50.0445068]}, "properties": {"osm_id": "node/9193713118", "tags": {"amenity": "waste_basket", "survey:date": "2021-10-22"}, "district": "Dębniki", "address": "okolice ul. Szwedzka"}}, {"type": "Feature", "geometry": {"type": "Point", "coordinates": [19.8863324, 50.0168245]}, "properties": {"osm_id": "node/12083922402", "tags": {"amenity": "waste_basket", "waste": "dog_excrement"}, "district": "Dębniki", "address": "okolice ul. Mochnaniec"}}, {"type": "Feature", "geometry": {"type": "Point", "coordinates": [19.8861103, 50.0209621]}, "properties": {"osm_id": "node/13271072637", "tags": {"amenity": "waste_basket"}, "district": "Dębniki", "address": "okolice ul. Podole"}}, {"type": "Feature", "geometry": {"type": "Point", "coordinates": [19.9096374, 50.0450366]}, "properties": {"osm_id": "node/11780599829", "tags": {"amenity": "waste_basket"}, "district": "Dębniki", "address": "okolice ul. Jana Pietrusińskiego"}}, {"type": "Feature", "geometry": {"type": "Point", "coordinates": [19.8634848, 50.0320258]}, "properties": {"osm_id": "node/5184063714", "tags": {"amenity": "waste_basket"}, "district": "Dębniki", "address": "okolice ul. Pustelnia"}}, {"type": "Feature", "geometry": {"type": "Point", "coordinates": [19.9030057, 50.026266]}, "properties": {"osm_id": "node/7132107778", "tags": {"amenity": "waste_basket", "check_date": "2026-03-10"}, "district": "Dębniki", "address": "okolice al. Wawelska"}}, {"type": "Feature", "geometry": {"type": "Point", "coordinates": [19.9247723, 50.0460722]}, "properties": {"osm_id": "node/12178187100", "tags": {"amenity": "waste_basket"}, "district": "Dębniki", "address": "okolice ul. Boczna"}}, {"type": "Feature", "geometry": {"type": "Point", "coordinates": [19.9144604, 50.0387457]}, "properties": {"osm_id": "node/13787191582", "tags": {"amenity": "waste_basket"}, "district": "Dębniki", "address": null}}, {"type": "Feature", "geometry": {"type": "Point", "coordinates": [19.9050575, 50.0263859]}, "properties": {"osm_id": "node/14206868870", "tags": {"amenity": "waste_basket"}, "district": "Dębniki", "address": "okolice ul. Zachodnia"}}, {"type": "Feature", "geometry": {"type": "Point", "coordinates": [19.9278176, 50.0423777]}, "properties": {"osm_id": "node/8963367419", "tags": {"amenity": "waste_basket", "survey:date": "2021-07-30"}, "district": "Dębniki", "address": null}}, {"type": "Feature", "geometry": {"type": "Point", "coordinates": [19.8863145, 50.0149772]}, "properties": {"osm_id": "node/12422451095", "tags": {"amenity": "waste_basket"}, "district": "Dębniki", "address": "okolice ul. Karola Bunscha"}}, {"type": "Feature", "geometry": {"type": "Point", "coordinates": [19.8795249, 50.0160028]}, "properties": {"osm_id": "node/12095577254", "tags": {"amenity": "waste_basket"}, "district": "Dębniki", "address": "okolice ul. Jana Kantego Federowicza"}}, {"type": "Feature", "geometry": {"type": "Point", "coordinates": [19.8843104, 50.0155601]}, "properties": {"osm_id": "node/12601371458", "tags": {"amenity": "waste_basket"}, "district": "Dębniki", "address": null}}, {"type": "Feature", "geometry": {"type": "Point", "coordinates": [19.9274815, 50.0438525]}, "properties": {"osm_id": "node/8998721822", "tags": {"amenity": "waste_basket", "survey:date": "2021-08-11"}, "district": "Dębniki", "address": "okolice ul. Szwedzka"}}, {"type": "Feature", "geometry": {"type": "Point", "coordinates": [19.9088836, 50.0276941]}, "properties": {"osm_id": "node/14225793507", "tags": {"amenity": "waste_basket"}, "district": "Dębniki", "address": "okolice ul. Stefana Grota-Roweckiego"}}, {"type": "Feature", "geometry": {"type": "Point", "coordinates": [19.910778, 50.0449188]}, "properties": {"osm_id": "node/11809597884", "tags": {"amenity": "waste_basket"}, "district": "Dębniki", "address": "okolice ul. Jana Pietrusińskiego"}}, {"type": "Feature", "geometry": {"type": "Point", "coordinates": [19.9018731, 50.0249704]}, "properties": {"osm_id": "node/7118178001", "tags": {"amenity": "waste_basket"}, "district": "Dębniki", "address": "okolice al. Wawelska"}}, {"type": "Feature", "geometry": {"type": "Point", "coordinates": [19.8968292, 50.0185955]}, "properties": {"osm_id": "node/12516734328", "tags": {"amenity": "waste_basket"}, "district": "Dębniki", "address": "okolice ul. Profesora Władysława Konopczyńskiego"}}, {"type": "Feature", "geometry": {"type": "Point", "coordinates": [19.9127416, 50.0339309]}, "properties": {"osm_id": "node/13786966234", "tags": {"amenity": "waste_basket"}, "district": "Dębniki", "address": "okolice ul. Wyłom"}}, {"type": "Feature", "geometry": {"type": "Point", "coordinates": [19.9129127, 50.03693]}, "properties": {"osm_id": "node/13787255211", "tags": {"amenity": "waste_basket"}, "district": "Dębniki", "address": null}}, {"type": "Feature", "geometry": {"type": "Point", "coordinates": [19.9259835, 50.0433856]}, "properties": {"osm_id": "node/9004707119", "tags": {"amenity": "waste_basket", "survey:date": "2021-08-13"}, "district": "Dębniki", "address": "okolice ul. Słomiana"}}, {"type": "Feature", "geometry": {"type": "Point", "coordinates": [19.8811228, 50.013027]}, "properties": {"osm_id": "node/12164384222", "tags": {"amenity": "waste_basket"}, "district": "Dębniki", "address": null}}, {"type": "Feature", "geometry": {"type": "Point", "coordinates": [19.9306225, 50.0440107]}, "properties": {"osm_id": "node/8998721719", "tags": {"amenity": "waste_basket", "survey:date": "2021-08-11"}, "district": "Dębniki", "address": "okolice ul. Komandosów"}}, {"type": "Feature", "geometry": {"type": "Point", "coordinates": [19.8981027, 50.0202723]}, "properties": {"osm_id": "node/12194113648", "tags": {"amenity": "waste_basket"}, "district": "Dębniki", "address": "okolice ul. Profesora Michała Bobrzyńskiego"}}, {"type": "Feature", "geometry": {"type": "Point", "coordinates": [19.8162843, 50.0102165]}, "properties": {"osm_id": "node/13359183785", "tags": {"amenity": "waste_basket"}, "district": "Dębniki", "address": "okolice ul. Juranda ze Spychowa"}}, {"type": "Feature", "geometry": {"type": "Point", "coordinates": [19.9089878, 50.0405531]}, "properties": {"osm_id": "node/14074446655", "tags": {"amenity": "waste_basket"}, "district": "Dębniki", "address": "okolice ul. Zielna"}}, {"type": "Feature", "geometry": {"type": "Point", "coordinates": [19.9178669, 50.050357]}, "properties": {"osm_id": "node/14129410671", "tags": {"amenity": "waste_basket"}, "district": "Dębniki", "address": "okolice ul. Tyniecka"}}, {"type": "Feature", "geometry": {"type": "Point", "coordinates": [19.9284566, 50.0433437]}, "properties": {"osm_id": "node/8998721620", "tags": {"amenity": "waste_basket", "survey:date": "2021-08-11"}, "district": "Dębniki", "address": "okolice ul. Szwedzka"}}, {"type": "Feature", "geometry": {"type": "Point", "coordinates": [19.9188245, 50.050944]}, "properties": {"osm_id": "node/14129095702", "tags": {"amenity": "waste_basket"}, "district": "Dębniki", "address": "okolice ul. Tyniecka"}}, {"type": "Feature", "geometry": {"type": "Point", "coordinates": [19.9160876, 50.0259035]}, "properties": {"osm_id": "node/9856787109", "tags": {"amenity": "waste_basket"}, "district": "Dębniki", "address": "okolice ul. Pszczelna"}}, {"type": "Feature", "geometry": {"type": "Point", "coordinates": [19.8982837, 50.0188494]}, "properties": {"osm_id": "node/12826911208", "tags": {"amenity": "waste_basket"}, "district": "Dębniki", "address": "okolice ul. Chmieleniec"}}, {"type": "Feature", "geometry": {"type": "Point", "coordinates": [19.923511, 50.0514053]}, "properties": {"osm_id": "node/14170246739", "tags": {"amenity": "waste_basket"}, "district": "Dębniki", "address": "okolice ul. Tyniecka"}}, {"type": "Feature", "geometry": {"type": "Point", "coordinates": [19.9031662, 50.0197741]}, "properties": {"osm_id": "node/12864782093", "tags": {"amenity": "waste_basket"}, "district": "Dębniki", "address": "okolice ul. Szuwarowa"}}, {"type": "Feature", "geometry": {"type": "Point", "coordinates": [19.9356123, 50.0567404]}, "properties": {"osm_id": "node/6430044370", "tags": {"amenity": "recycling", "opening_hours": "6-sunset", "recycling:bio": "yes", "recycling:bio_waste": "yes", "recycling:biodegradable": "yes", "recycling:green_waste": "yes", "recycling:organic": "yes", "recycling_type": "container"}, "district": "Stare Miasto", "address": null}}, {"type": "Feature", "geometry": {"type": "Point", "coordinates": [19.9458467, 50.0679245]}, "properties": {"osm_id": "node/10123599359", "tags": {"amenity": "recycling", "indoor": "yes", "level": "0", "recycling:cans": "yes", "recycling:glass_bottles": "yes", "recycling:mixed": "yes", "recycling:paper": "yes", "recycling:plastic": "yes", "recycling_type": "container"}, "district": "Stare Miasto", "address": "okolice ul. Pawia"}}, {"type": "Feature", "geometry": {"type": "Point", "coordinates": [19.9368755, 50.0541623]}, "properties": {"osm_id": "node/12375837724", "tags": {"amenity": "recycling", "recycling:glass": "yes", "recycling:glass_bottles": "yes", "recycling:metal": "yes", "recycling:paper": "yes", "recycling_type": "container"}, "district": "Stare Miasto", "address": "okolice ul. Dziedziniec Arkadowy"}}, {"type": "Feature", "geometry": {"type": "Point", "coordinates": [19.9242468, 50.0637889]}, "properties": {"osm_id": "node/1918319408", "tags": {"amenity": "recycling", "check_date:recycling": "2025-03-07", "recycling:cans": "yes", "recycling:glass_bottles": "yes", "recycling:paper": "yes", "recycling:plastic": "yes", "recycling:scrap_metal": "yes", "recycling_type": "container"}, "district": "Stare Miasto", "address": "okolice ul. Czysta"}}, {"type": "Feature", "geometry": {"type": "Point", "coordinates": [19.9507239, 50.0697644]}, "properties": {"osm_id": "node/14188991537", "tags": {"amenity": "recycling", "recycling:beverage_cartons": "yes", "recycling:cans": "yes", "recycling:plastic_bottles": "yes", "recycling_type": "container"}, "district": "Stare Miasto", "address": "okolice ul. Wita Stwosza"}}, {"type": "Feature", "geometry": {"type": "Point", "coordinates": [19.9345593, 50.0533683]}, "properties": {"osm_id": "node/13046171543", "tags": {"amenity": "recycling", "recycling:cans": "yes", "recycling:glass_bottles": "yes", "recycling:paper": "yes", "recycling:plastic": "yes", "recycling_type": "container"}, "district": "Stare Miasto", "address": "okolice ul. Smocza Jama"}}, {"type": "Feature", "geometry": {"type": "Point", "coordinates": [19.9341468, 50.0542619]}, "properties": {"osm_id": "node/13046081497", "tags": {"amenity": "recycling", "recycling:paper": "yes", "recycling:plastic": "yes", "recycling_type": "container"}, "district": "Stare Miasto", "address": "okolice ul. Zamek Wawel"}}, {"type": "Feature", "geometry": {"type": "Point", "coordinates": [19.9284991, 50.0565575]}, "properties": {"osm_id": "node/3870442541", "tags": {"amenity": "recycling", "location": "overground", "recycling:cans": "yes", "recycling:glass": "no", "recycling:glass_bottles": "yes", "recycling:paper": "yes", "recycling:plastic": "yes", "recycling_type": "container"}, "district": "Stare Miasto", "address": "okolice ul. Kazimierza Morawskiego"}}, {"type": "Feature", "geometry": {"type": "Point", "coordinates": [19.9246673, 50.0620569]}, "properties": {"osm_id": "node/1937276236", "tags": {"amenity": "recycling", "recycling:glass": "no", "recycling:glass_bottles": "yes", "recycling:paper": "yes", "recycling:plastic": "yes", "recycling:scrap_metal": "yes", "recycling_type": "container"}, "district": "Stare Miasto", "address": "okolice ul. Krupnicza"}}, {"type": "Feature", "geometry": {"type": "Point", "coordinates": [19.9533586, 50.0799236]}, "properties": {"osm_id": "node/13699066584", "tags": {"amenity": "recycling", "recycling:glass_bottles": "yes", "recycling_type": "container"}, "district": "Stare Miasto", "address": null}}, {"type": "Feature", "geometry": {"type": "Point", "coordinates": [19.9425366, 50.0728204]}, "properties": {"osm_id": "node/1937276274", "tags": {"amenity": "recycling", "recycling:glass": "yes", "recycling:paper": "yes", "recycling:plastic": "yes", "recycling:scrap_metal": "yes", "recycling_type": "container"}, "district": "Stare Miasto", "address": "okolice ul. Warszawska"}}, {"type": "Feature", "geometry": {"type": "Point", "coordinates": [19.9321181, 50.0702569]}, "properties": {"osm_id": "node/1937276260", "tags": {"amenity": "recycling", "recycling:cans": "yes", "recycling:glass": "no", "recycling:glass_bottles": "yes", "recycling:paper": "yes", "recycling:plastic": "yes", "recycling_type": "container"}, "district": "Stare Miasto", "address": "okolice ul. Łobzowska"}}, {"type": "Feature", "geometry": {"type": "Point", "coordinates": [19.9351103, 50.0550617]}, "properties": {"osm_id": "node/12375870055", "tags": {"amenity": "recycling", "recycling:glass_bottles": "yes", "recycling:metal": "yes", "recycling:paper": "yes", "recycling_type": "container"}, "district": "Stare Miasto", "address": "okolice ul. Podzamcze"}}, {"type": "Feature", "geometry": {"type": "Point", "coordinates": [19.9362875, 50.0547969]}, "properties": {"osm_id": "node/12375853240", "tags": {"amenity": "recycling", "recycling:glass": "yes", "recycling:glass_bottles": "yes", "recycling:metal": "yes", "recycling:paper": "yes", "recycling_type": "container"}, "district": "Stare Miasto", "address": "okolice ul. Dziedziniec Arkadowy"}}, {"type": "Feature", "geometry": {"type": "Point", "coordinates": [19.9413988, 50.0710214]}, "properties": {"osm_id": "node/1937276266", "tags": {"amenity": "recycling", "recycling:glass": "yes", "recycling:glass_bottles": "yes", "recycling:paper": "yes", "recycling:plastic": "yes", "recycling:scrap_metal": "yes", "recycling_type": "container"}, "district": "Stare Miasto", "address": "okolice ul. Szlak"}}, {"type": "Feature", "geometry": {"type": "Point", "coordinates": [19.9519573, 50.0799347]}, "properties": {"osm_id": "node/13699055395", "tags": {"amenity": "recycling", "recycling:glass_bottles": "yes", "recycling_type": "container"}, "district": "Stare Miasto", "address": null}}, {"type": "Feature", "geometry": {"type": "Point", "coordinates": [19.9300427, 50.0679893]}, "properties": {"osm_id": "node/6905587097", "tags": {"amenity": "recycling", "check_date:recycling": "2022-01-26", "recycling:glass_bottles": "yes", "recycling_type": "container"}, "district": "Stare Miasto", "address": "okolice ul. Kremerowska"}}, {"type": "Feature", "geometry": {"type": "Point", "coordinates": [19.9535188, 50.0506074]}, "properties": {"osm_id": "node/1241666890", "tags": {"amenity": "recycling", "recycling:glass": "yes", "recycling:paper": "yes", "recycling:plastic": "yes", "recycling:scrap_metal": "yes", "recycling_type": "container"}, "district": "Stare Miasto", "address": "okolice ul. Podgórska"}}, {"type": "Feature", "geometry": {"type": "Point", "coordinates": [19.9462339, 50.0667693]}, "properties": {"osm_id": "node/10122759367", "tags": {"amenity": "recycling", "indoor": "yes", "level": "0", "recycling:cans": "yes", "recycling:glass_bottles": "yes", "recycling:mixed": "yes", "recycling:paper": "yes", "recycling:plastic": "yes", "recycling_type": "container"}, "district": "Stare Miasto", "address": "okolice ul. Tunel Magda"}}, {"type": "Feature", "geometry": {"type": "Point", "coordinates": [19.9424407, 50.0599213]}, "properties": {"osm_id": "node/14083704801", "tags": {"amenity": "waste_basket"}, "district": "Stare Miasto", "address": "okolice ul. Poczta Główna 01"}}, {"type": "Feature", "geometry": {"type": "Point", "coordinates": [19.9348811, 50.0584713]}, "properties": {"osm_id": "node/14084225507", "tags": {"amenity": "waste_basket"}, "district": "Stare Miasto", "address": "okolice ul. Poselska"}}, {"type": "Feature", "geometry": {"type": "Point", "coordinates": [19.9425302, 50.0647976]}, "properties": {"osm_id": "node/13164682196", "tags": {"amenity": "waste_basket"}, "district": "Stare Miasto", "address": "okolice ul. Szpitalna"}}, {"type": "Feature", "geometry": {"type": "Point", "coordinates": [19.9485559, 50.0506372]}, "properties": {"osm_id": "node/14048788072", "tags": {"amenity": "waste_basket", "colour": "grey", "waste": "trash"}, "district": "Stare Miasto", "address": "okolice pl. Bawół"}}, {"type": "Feature", "geometry": {"type": "Point", "coordinates": [19.9446208, 50.0710281]}, "properties": {"osm_id": "node/4380156497", "tags": {"amenity": "waste_basket", "check_date": "2022-05-24"}, "district": "Stare Miasto", "address": "okolice ul. Pawia"}}, {"type": "Feature", "geometry": {"type": "Point", "coordinates": [19.9333838, 50.0639168]}, "properties": {"osm_id": "node/13164694357", "tags": {"amenity": "waste_basket"}, "district": "Stare Miasto", "address": "okolice ul. Juliana Dunajewskiego"}}, {"type": "Feature", "geometry": {"type": "Point", "coordinates": [19.9447612, 50.0640328]}, "properties": {"osm_id": "node/14083638203", "tags": {"amenity": "waste_basket"}, "district": "Stare Miasto", "address": "okolice ul. Westerplatte"}}, {"type": "Feature", "geometry": {"type": "Point", "coordinates": [19.9329907, 50.060119]}, "properties": {"osm_id": "node/14085708302", "tags": {"amenity": "waste_basket"}, "district": "Stare Miasto", "address": "okolice ul. Floriana Straszewskiego"}}, {"type": "Feature", "geometry": {"type": "Point", "coordinates": [19.9342298, 50.0576873]}, "properties": {"osm_id": "node/14085640401", "tags": {"amenity": "waste_basket"}, "district": "Stare Miasto", "address": "okolice ul. Poselska"}}, {"type": "Feature", "geometry": {"type": "Point", "coordinates": [19.933376, 50.0629916]}, "properties": {"osm_id": "node/14082092903", "tags": {"amenity": "waste_basket"}, "district": "Stare Miasto", "address": "okolice ul. Szewska"}}, {"type": "Feature", "geometry": {"type": "Point", "coordinates": [19.9362646, 50.0657548]}, "properties": {"osm_id": "node/14082198402", "tags": {"amenity": "waste_basket"}, "district": "Stare Miasto", "address": "okolice ul. Basztowa"}}, {"type": "Feature", "geometry": {"type": "Point", "coordinates": [19.9395018, 50.0556862]}, "properties": {"osm_id": "node/14084144301", "tags": {"amenity": "waste_basket"}, "district": "Stare Miasto", "address": "okolice ul. Świętego Sebastiana"}}, {"type": "Feature", "geometry": {"type": "Point", "coordinates": [19.9326739, 50.0621061]}, "properties": {"osm_id": "node/13050500001", "tags": {"amenity": "waste_basket"}, "district": "Stare Miasto", "address": "okolice ul. Świętej Anny"}}, {"type": "Feature", "geometry": {"type": "Point", "coordinates": [19.9360486, 50.0675844]}, "properties": {"osm_id": "node/12630774324", "tags": {"amenity": "waste_basket"}, "district": "Stare Miasto", "address": "okolice ul. Biskupia"}}, {"type": "Feature", "geometry": {"type": "Point", "coordinates": [19.9463786, 50.0532285]}, "properties": {"osm_id": "node/9240723918", "tags": {"amenity": "waste_basket", "survey:date": "2021-11-10"}, "district": "Stare Miasto", "address": "okolice ul. Miodowa"}}, {"type": "Feature", "geometry": {"type": "Point", "coordinates": [19.9349461, 50.0644463]}, "properties": {"osm_id": "node/14082129101", "tags": {"amenity": "waste_basket"}, "district": "Stare Miasto", "address": "okolice ul. Świętego Tomasza"}}, {"type": "Feature", "geometry": {"type": "Point", "coordinates": [19.9358674, 50.0639756]}, "properties": {"osm_id": "node/10052493598", "tags": {"amenity": "waste_basket"}, "district": "Stare Miasto", "address": "okolice pl. Szczepański"}}, {"type": "Feature", "geometry": {"type": "Point", "coordinates": [19.9313208, 50.0649579]}, "properties": {"osm_id": "node/13197889476", "tags": {"amenity": "waste_basket", "waste": "trash"}, "district": "Stare Miasto", "address": "okolice ul. Karmelicka"}}, {"type": "Feature", "geometry": {"type": "Point", "coordinates": [19.9405321, 50.0619383]}, "properties": {"osm_id": "node/14231118645", "tags": {"amenity": "waste_basket"}, "district": "Stare Miasto", "address": "okolice ul. Mały Rynek"}}, {"type": "Feature", "geometry": {"type": "Point", "coordinates": [19.9357143, 50.0722428]}, "properties": {"osm_id": "node/13688272362", "tags": {"amenity": "waste_basket"}, "district": "Stare Miasto", "address": "okolice ul. Długa"}}, {"type": "Feature", "geometry": {"type": "Point", "coordinates": [19.9377745, 50.0654815]}, "properties": {"osm_id": "node/14082204704", "tags": {"amenity": "waste_basket"}, "district": "Stare Miasto", "address": "okolice ul. Pijarska"}}, {"type": "Feature", "geometry": {"type": "Point", "coordinates": [19.9332947, 50.0591623]}, "properties": {"osm_id": "node/14085683103", "tags": {"amenity": "waste_basket"}, "district": "Stare Miasto", "address": "okolice ul. Floriana Straszewskiego"}}, {"type": "Feature", "geometry": {"type": "Point", "coordinates": [19.944967, 50.0672386]}, "properties": {"osm_id": "node/13075671101", "tags": {"amenity": "waste_basket"}, "district": "Stare Miasto", "address": "okolice ul. Kurniki"}}, {"type": "Feature", "geometry": {"type": "Point", "coordinates": [19.9281112, 50.0611924]}, "properties": {"osm_id": "node/9139651838", "tags": {"amenity": "waste_basket", "waste": "trash"}, "district": "Stare Miasto", "address": "okolice: Skwer im. Brora Hanssona"}}, {"type": "Feature", "geometry": {"type": "Point", "coordinates": [19.9381192, 50.0624334]}, "properties": {"osm_id": "node/13050478401", "tags": {"amenity": "waste_basket"}, "district": "Stare Miasto", "address": "okolice ul. Świętego Jana"}}, {"type": "Feature", "geometry": {"type": "Point", "coordinates": [19.9434015, 50.0608367]}, "properties": {"osm_id": "node/14083660904", "tags": {"amenity": "waste_basket"}, "district": "Stare Miasto", "address": "okolice ul. Mikołaja Zyblikiewicza"}}, {"type": "Feature", "geometry": {"type": "Point", "coordinates": [19.9385943, 50.0679347]}, "properties": {"osm_id": "node/13165435542", "tags": {"amenity": "waste_basket"}, "district": "Stare Miasto", "address": "okolice ul. Krzywa"}}, {"type": "Feature", "geometry": {"type": "Point", "coordinates": [19.9405726, 50.0591068]}, "properties": {"osm_id": "node/14083722202", "tags": {"amenity": "waste_basket"}, "district": "Stare Miasto", "address": "okolice ul. Dominikańska"}}, {"type": "Feature", "geometry": {"type": "Point", "coordinates": [19.9346025, 50.056105]}, "properties": {"osm_id": "node/14085580902", "tags": {"amenity": "waste_basket"}, "district": "Stare Miasto", "address": "okolice ul. Floriana Straszewskiego"}}, {"type": "Feature", "geometry": {"type": "Point", "coordinates": [19.9420431, 50.0637893]}, "properties": {"osm_id": "node/14049938416", "tags": {"amenity": "waste_basket", "colour": "darkgreen", "material": "metal", "waste": "trash"}, "district": "Stare Miasto", "address": "okolice pl. Świętego Ducha"}}, {"type": "Feature", "geometry": {"type": "Point", "coordinates": [19.9387632, 50.0658274]}, "properties": {"osm_id": "node/14082235701", "tags": {"amenity": "waste_basket"}, "district": "Stare Miasto", "address": "okolice ul. Sławkowska"}}, {"type": "Feature", "geometry": {"type": "Point", "coordinates": [19.930171, 50.06545]}, "properties": {"osm_id": "node/11963574006", "tags": {"amenity": "waste_basket"}, "district": "Stare Miasto", "address": "okolice ul. Karmelicka"}}, {"type": "Feature", "geometry": {"type": "Point", "coordinates": [19.9404909, 50.0659069]}, "properties": {"osm_id": "node/14082460702", "tags": {"amenity": "waste_basket"}, "district": "Stare Miasto", "address": "okolice ul. Basztowa"}}, {"type": "Feature", "geometry": {"type": "Point", "coordinates": [19.9401533, 50.0578899]}, "properties": {"osm_id": "node/14083941603", "tags": {"amenity": "waste_basket"}, "district": "Stare Miasto", "address": "okolice ul. Świętej Gertrudy"}}, {"type": "Feature", "geometry": {"type": "Point", "coordinates": [19.9348936, 50.0511377]}, "properties": {"osm_id": "node/14178656360", "tags": {"amenity": "waste_basket"}, "district": "Stare Miasto", "address": "okolice: Bulwar Czerwieński"}}, {"type": "Feature", "geometry": {"type": "Point", "coordinates": [19.9323317, 50.060975]}, "properties": {"osm_id": "node/14084225615", "tags": {"amenity": "waste_basket"}, "district": "Stare Miasto", "address": "okolice ul. Floriana Straszewskiego"}}, {"type": "Feature", "geometry": {"type": "Point", "coordinates": [19.9392635, 50.0715348]}, "properties": {"osm_id": "node/14156170434", "tags": {"amenity": "waste_basket"}, "district": "Stare Miasto", "address": "okolice ul. Pędzichów"}}, {"type": "Feature", "geometry": {"type": "Point", "coordinates": [19.943414, 50.0716974]}, "properties": {"osm_id": "node/11973596386", "tags": {"amenity": "waste_basket"}, "district": "Stare Miasto", "address": "okolice ul. Warszawska"}}, {"type": "Feature", "geometry": {"type": "Point", "coordinates": [19.9461725, 50.0510213]}, "properties": {"osm_id": "node/14048766598", "tags": {"amenity": "waste_basket", "colour": "grey", "waste": "trash"}, "district": "Stare Miasto", "address": "okolice ul. Józefa"}}, {"type": "Feature", "geometry": {"type": "Point", "coordinates": [19.9439436, 50.0619835]}, "properties": {"osm_id": "node/14083661303", "tags": {"amenity": "waste_basket"}, "district": "Stare Miasto", "address": "okolice ul. Świętego Marka"}}, {"type": "Feature", "geometry": {"type": "Point", "coordinates": [19.9331462, 50.0715541]}, "properties": {"osm_id": "node/13046155586", "tags": {"amenity": "waste_basket"}, "district": "Stare Miasto", "address": "okolice ul. Świętej Teresy"}}, {"type": "Feature", "geometry": {"type": "Point", "coordinates": [19.9466446, 50.052134]}, "properties": {"osm_id": "node/14231153907", "tags": {"amenity": "waste_basket"}, "district": "Stare Miasto", "address": "okolice ul. Jakuba"}}, {"type": "Feature", "geometry": {"type": "Point", "coordinates": [19.9493759, 50.0791682]}, "properties": {"osm_id": "node/12196463752", "tags": {"amenity": "waste_basket"}, "district": "Stare Miasto", "address": "okolice al. 29 Listopada"}}, {"type": "Feature", "geometry": {"type": "Point", "coordinates": [19.9396091, 50.0626606]}, "properties": {"osm_id": "node/14228449779", "tags": {"amenity": "waste_basket"}, "district": "Stare Miasto", "address": "okolice ul. Floriańska"}}, {"type": "Feature", "geometry": {"type": "Point", "coordinates": [19.9486106, 50.0518172]}, "properties": {"osm_id": "node/14231118507", "tags": {"amenity": "waste_basket"}, "district": "Stare Miasto", "address": "okolice ul. Na Przejściu"}}, {"type": "Feature", "geometry": {"type": "Point", "coordinates": [19.9524948, 50.0605297]}, "properties": {"osm_id": "node/1937276225", "tags": {"amenity": "recycling", "recycling:glass": "yes", "recycling:paper": "yes", "recycling:plastic": "yes", "recycling:scrap_metal": "yes", "recycling_type": "container"}, "district": "Grzegórzki", "address": null}}, {"type": "Feature", "geometry": {"type": "Point", "coordinates": [19.9602782, 50.0554881]}, "properties": {"osm_id": "node/1937276196", "tags": {"amenity": "recycling", "recycling:glass_bottles": "yes", "recycling_type": "container"}, "district": "Grzegórzki", "address": "okolice ul. Kotlarska"}}, {"type": "Feature", "geometry": {"type": "Point", "coordinates": [19.9834741, 50.0668942]}, "properties": {"osm_id": "node/12316345688", "tags": {"amenity": "recycling", "recycling:glass": "yes", "recycling:glass_bottles": "yes", "recycling_type": "container"}, "district": "Grzegórzki", "address": "okolice ul. Dąbska"}}, {"type": "Feature", "geometry": {"type": "Point", "coordinates": [19.9799054, 50.0628069]}, "properties": {"osm_id": "node/9680704917", "tags": {"amenity": "recycling", "recycling:cans": "yes", "recycling:glass_bottles": "yes", "recycling:paper": "yes", "recycling:plastic": "yes", "recycling:scrap_metal": "yes", "recycling_type": "container", "survey:date": "2022-04-20"}, "district": "Grzegórzki", "address": "okolice ul. Świtezianki"}}, {"type": "Feature", "geometry": {"type": "Point", "coordinates": [19.9511754, 50.0673933]}, "properties": {"osm_id": "node/12389095448", "tags": {"access": "private", "amenity": "recycling", "check_date": "2024-12-01", "indoor": "yes", "level": "0", "recycling:glass": "yes", "recycling:paper": "yes", "recycling:plastic": "yes", "recycling_type": "container"}, "district": "Grzegórzki", "address": "okolice ul. Topolowa"}}, {"type": "Feature", "geometry": {"type": "Point", "coordinates": [19.9804867, 50.0576917]}, "properties": {"osm_id": "node/1937276201", "tags": {"amenity": "recycling", "recycling:glass": "yes", "recycling:paper": "yes", "recycling:plastic": "yes", "recycling:scrap_metal": "yes", "recycling_type": "container"}, "district": "Grzegórzki", "address": "okolice ul. Widok"}}, {"type": "Feature", "geometry": {"type": "Point", "coordinates": [19.9765971, 50.0565723]}, "properties": {"osm_id": "node/1937276198", "tags": {"amenity": "recycling", "recycling:glass": "yes", "recycling:paper": "yes", "recycling:plastic": "yes", "recycling:scrap_metal": "yes", "recycling_type": "container"}, "district": "Grzegórzki", "address": null}}, {"type": "Feature", "geometry": {"type": "Point", "coordinates": [19.9807065, 50.0592683]}, "properties": {"osm_id": "node/5777676436", "tags": {"amenity": "recycling", "recycling:glass": "yes", "recycling_type": "container"}, "district": "Grzegórzki", "address": "okolice ul. Widok"}}, {"type": "Feature", "geometry": {"type": "Point", "coordinates": [19.9592592, 50.0604405]}, "properties": {"osm_id": "node/1937276222", "tags": {"amenity": "recycling", "recycling:cans": "yes", "recycling:glass": "no", "recycling:glass_bottles": "yes", "recycling:paper": "yes", "recycling:plastic": "yes", "recycling:scrap_metal": "yes", "recycling_type": "container"}, "district": "Grzegórzki", "address": "okolice ul. Hetmana Stanisława Żółkiewskiego"}}, {"type": "Feature", "geometry": {"type": "Point", "coordinates": [19.9851742, 50.0662243]}, "properties": {"osm_id": "node/12316345415", "tags": {"amenity": "recycling", "recycling:glass": "yes", "recycling:glass_bottles": "yes", "recycling_type": "container"}, "district": "Grzegórzki", "address": null}}, {"type": "Feature", "geometry": {"type": "Point", "coordinates": [19.9653996, 50.0551409]}, "properties": {"osm_id": "node/5794173369", "tags": {"amenity": "recycling", "recycling:aluminium": "yes", "recycling:glass": "yes", "recycling:glass_bottles": "yes", "recycling:paper": "yes", "recycling_type": "container"}, "district": "Grzegórzki", "address": "okolice ul. Profesora Marka Stachowskiego"}}, {"type": "Feature", "geometry": {"type": "Point", "coordinates": [19.9684155, 50.0706458]}, "properties": {"osm_id": "node/4823543880", "tags": {"amenity": "recycling", "recycling:cans": "yes", "recycling:glass": "yes", "recycling:paper": "yes", "recycling:plastic": "yes", "recycling:scrap_metal": "yes", "recycling_type": "container"}, "district": "Grzegórzki", "address": "okolice ul. Farmaceutów"}}, {"type": "Feature", "geometry": {"type": "Point", "coordinates": [19.9630657, 50.065573]}, "properties": {"osm_id": "node/1937276245", "tags": {"amenity": "recycling", "recycling:cans": "yes", "recycling:cardboard": "yes", "recycling:glass": "yes", "recycling:glass_bottles": "yes", "recycling:paper": "yes", "recycling:plastic": "yes", "recycling:plastic_bottles": "yes", "recycling:scrap_metal": "yes", "recycling_type": "container"}, "district": "Grzegórzki", "address": "okolice ul. Mosiężnicza"}}, {"type": "Feature", "geometry": {"type": "Point", "coordinates": [19.9679513, 50.0695687]}, "properties": {"osm_id": "node/1937276255", "tags": {"amenity": "recycling", "recycling:glass": "yes", "recycling:paper": "yes", "recycling:plastic": "yes", "recycling:scrap_metal": "yes", "recycling_type": "container"}, "district": "Grzegórzki", "address": "okolice ul. Filipa Eisenberga"}}, {"type": "Feature", "geometry": {"type": "Point", "coordinates": [19.9693378, 50.0586615]}, "properties": {"osm_id": "node/1937276206", "tags": {"amenity": "recycling", "recycling:clothes": "yes", "recycling:glass": "yes", "recycling:paper": "yes", "recycling:plastic": "yes", "recycling:scrap_metal": "yes", "recycling_type": "container"}, "district": "Grzegórzki", "address": "okolice ul. Stefana Bobrowskiego"}}, {"type": "Feature", "geometry": {"type": "Point", "coordinates": [19.9838343, 50.0688099]}, "properties": {"osm_id": "node/12363286110", "tags": {"amenity": "recycling", "recycling:glass": "yes", "recycling:glass_bottles": "yes", "recycling_type": "container"}, "district": "Grzegórzki", "address": "okolice ul. Dąbska"}}, {"type": "Feature", "geometry": {"type": "Point", "coordinates": [19.978046, 50.0616552]}, "properties": {"osm_id": "node/12112021212", "tags": {"amenity": "recycling", "recycling:glass_bottles": "yes", "recycling_type": "container"}, "district": "Grzegórzki", "address": "okolice ul. Stanisława Jachowicza"}}, {"type": "Feature", "geometry": {"type": "Point", "coordinates": [19.9549795, 50.0550914]}, "properties": {"osm_id": "node/5269502073", "tags": {"amenity": "recycling", "recycling:glass": "yes", "recycling_type": "container"}, "district": "Grzegórzki", "address": "okolice ul. Masarska"}}, {"type": "Feature", "geometry": {"type": "Point", "coordinates": [19.968, 50.0583287]}, "properties": {"osm_id": "node/1937276203", "tags": {"amenity": "recycling", "recycling:glass": "yes", "recycling:paper": "yes", "recycling:plastic": "yes", "recycling:scrap_metal": "yes", "recycling_type": "container"}, "district": "Grzegórzki", "address": "okolice ul. Grzegórzecka"}}, {"type": "Feature", "geometry": {"type": "Point", "coordinates": [19.9508943, 50.05577]}, "properties": {"osm_id": "node/1937276197", "tags": {"amenity": "recycling", "recycling:glass": "yes", "recycling:paper": "yes", "recycling:plastic": "yes", "recycling:scrap_metal": "yes", "recycling_type": "container"}, "district": "Grzegórzki", "address": "okolice ul. Księdza Franciszka Blachnickiego"}}, {"type": "Feature", "geometry": {"type": "Point", "coordinates": [19.9644029, 50.0658221]}, "properties": {"osm_id": "node/12248046333", "tags": {"amenity": "recycling", "recycling:glass": "yes", "recycling:glass_bottles": "yes", "recycling_type": "container"}, "district": "Grzegórzki", "address": "okolice ul. Mogilska"}}, {"type": "Feature", "geometry": {"type": "Point", "coordinates": [19.9709947, 50.0614075]}, "properties": {"osm_id": "node/12302825282", "tags": {"amenity": "recycling", "recycling:glass": "yes", "recycling:glass_bottles": "yes", "recycling_type": "container"}, "district": "Grzegórzki", "address": "okolice ul. Fabryczna"}}, {"type": "Feature", "geometry": {"type": "Point", "coordinates": [19.9646013, 50.0604176]}, "properties": {"osm_id": "node/1937276221", "tags": {"amenity": "recycling", "recycling:glass": "yes", "recycling:paper": "yes", "recycling:plastic": "yes", "recycling:scrap_metal": "yes", "recycling_type": "container"}, "district": "Grzegórzki", "address": "okolice ul. Profesora Władysława Szafera"}}, {"type": "Feature", "geometry": {"type": "Point", "coordinates": [19.9797442, 50.0585008]}, "properties": {"osm_id": "node/1937276205", "tags": {"amenity": "recycling", "recycling:glass": "yes", "recycling:paper": "yes", "recycling:plastic": "yes", "recycling:scrap_metal": "yes", "recycling_type": "container"}, "district": "Grzegórzki", "address": "okolice ul. Na Szaniec"}}, {"type": "Feature", "geometry": {"type": "Point", "coordinates": [19.9830007, 50.0694811]}, "properties": {"osm_id": "node/8751371774", "tags": {"amenity": "waste_basket"}, "district": "Grzegórzki", "address": "okolice ul. Majora Pilota Stefana Janusa"}}, {"type": "Feature", "geometry": {"type": "Point", "coordinates": [19.9756618, 50.0598429]}, "properties": {"osm_id": "node/5787336815", "tags": {"amenity": "waste_basket", "waste": "trash"}, "district": "Grzegórzki", "address": "okolice ul. Zwycięstwa"}}, {"type": "Feature", "geometry": {"type": "Point", "coordinates": [19.9554752, 50.0514035]}, "properties": {"osm_id": "node/5796502211", "tags": {"amenity": "waste_basket", "check_date": "2024-10-20", "waste": "trash"}, "district": "Grzegórzki", "address": "okolice ul. Podgórska"}}, {"type": "Feature", "geometry": {"type": "Point", "coordinates": [19.9670439, 50.0603303]}, "properties": {"osm_id": "node/1910796962", "tags": {"amenity": "waste_basket", "check_date": "2021-05-18"}, "district": "Grzegórzki", "address": "okolice ul. Pułkownika Francesco Nullo"}}, {"type": "Feature", "geometry": {"type": "Point", "coordinates": [19.9543823, 50.0627736]}, "properties": {"osm_id": "node/10538267107", "tags": {"amenity": "waste_basket"}, "district": "Grzegórzki", "address": "okolice ul. Jana i Jędrzeja Śniadeckich"}}, {"type": "Feature", "geometry": {"type": "Point", "coordinates": [19.9619157, 50.0549405]}, "properties": {"osm_id": "node/14080125882", "tags": {"amenity": "waste_basket"}, "district": "Grzegórzki", "address": null}}, {"type": "Feature", "geometry": {"type": "Point", "coordinates": [19.9503614, 50.0659657]}, "properties": {"osm_id": "node/9199280219", "tags": {"amenity": "waste_basket", "check_date": "2025-02-20"}, "district": "Grzegórzki", "address": "okolice ul. Kurkowa"}}, {"type": "Feature", "geometry": {"type": "Point", "coordinates": [19.9731122, 50.0534911]}, "properties": {"osm_id": "node/5794188787", "tags": {"amenity": "waste_basket", "recycling_type": "container", "waste": "trash"}, "district": "Grzegórzki", "address": null}}, {"type": "Feature", "geometry": {"type": "Point", "coordinates": [19.976124, 50.0611019]}, "properties": {"osm_id": "node/9680699918", "tags": {"amenity": "waste_basket", "survey:date": "2022-04-20"}, "district": "Grzegórzki", "address": "okolice ul. Zwycięstwa"}}, {"type": "Feature", "geometry": {"type": "Point", "coordinates": [19.9592185, 50.0697392]}, "properties": {"osm_id": "node/13929890871", "tags": {"amenity": "waste_basket"}, "district": "Grzegórzki", "address": "okolice al. Pułkownika Władysława Beliny-Prażmowskiego"}}, {"type": "Feature", "geometry": {"type": "Point", "coordinates": [19.9579984, 50.0523736]}, "properties": {"osm_id": "node/5796502200", "tags": {"amenity": "waste_basket", "check_date": "2024-08-31", "waste": "trash"}, "district": "Grzegórzki", "address": "okolice ul. Podgórska"}}, {"type": "Feature", "geometry": {"type": "Point", "coordinates": [19.9664428, 50.0708057]}, "properties": {"osm_id": "node/13914481044", "tags": {"amenity": "waste_basket"}, "district": "Grzegórzki", "address": "okolice ul. Grunwaldzka"}}, {"type": "Feature", "geometry": {"type": "Point", "coordinates": [19.9593951, 50.0560259]}, "properties": {"osm_id": "node/9685840617", "tags": {"amenity": "waste_basket", "survey:date": "2022-04-22"}, "district": "Grzegórzki", "address": "okolice ul. Kotlarska"}}, {"type": "Feature", "geometry": {"type": "Point", "coordinates": [19.9576483, 50.0615803]}, "properties": {"osm_id": "node/11799603480", "tags": {"amenity": "waste_basket"}, "district": "Grzegórzki", "address": null}}, {"type": "Feature", "geometry": {"type": "Point", "coordinates": [19.9780624, 50.0551435]}, "properties": {"osm_id": "node/14109943405", "tags": {"amenity": "waste_basket"}, "district": "Grzegórzki", "address": null}}, {"type": "Feature", "geometry": {"type": "Point", "coordinates": [19.9653206, 50.0671889]}, "properties": {"osm_id": "node/13924050138", "tags": {"amenity": "waste_basket"}, "district": "Grzegórzki", "address": "okolice ul. Grunwaldzka"}}, {"type": "Feature", "geometry": {"type": "Point", "coordinates": [19.9617822, 50.0647652]}, "properties": {"osm_id": "node/11628120778", "tags": {"amenity": "waste_basket", "waste": "trash"}, "district": "Grzegórzki", "address": "okolice ul. Przy Rondzie"}}, {"type": "Feature", "geometry": {"type": "Point", "coordinates": [19.9577368, 50.0656501]}, "properties": {"osm_id": "node/13164725715", "tags": {"amenity": "waste_basket"}, "district": "Grzegórzki", "address": "okolice ul. Lubicz"}}, {"type": "Feature", "geometry": {"type": "Point", "coordinates": [19.9613225, 50.0534227]}, "properties": {"osm_id": "node/5796517996", "tags": {"amenity": "waste_basket", "waste": "trash"}, "district": "Grzegórzki", "address": "okolice ul. Podgórska"}}, {"type": "Feature", "geometry": {"type": "Point", "coordinates": [19.9676717, 50.0653804]}, "properties": {"osm_id": "node/11203797281", "tags": {"amenity": "waste_basket"}, "district": "Grzegórzki", "address": "okolice ul. Rodziny Kriegerów"}}, {"type": "Feature", "geometry": {"type": "Point", "coordinates": [19.9820808, 50.058503]}, "properties": {"osm_id": "node/14109957801", "tags": {"amenity": "waste_basket"}, "district": "Grzegórzki", "address": null}}, {"type": "Feature", "geometry": {"type": "Point", "coordinates": [19.9606174, 50.0623236]}, "properties": {"osm_id": "node/11628092365", "tags": {"amenity": "waste_basket", "waste": "trash"}, "district": "Grzegórzki", "address": "okolice ul. Sądowa"}}, {"type": "Feature", "geometry": {"type": "Point", "coordinates": [19.9591359, 50.0617448]}, "properties": {"osm_id": "node/11799652385", "tags": {"amenity": "waste_basket"}, "district": "Grzegórzki", "address": "okolice al. Powstania Warszawskiego"}}, {"type": "Feature", "geometry": {"type": "Point", "coordinates": [19.9561575, 50.0674203]}, "properties": {"osm_id": "node/12847518753", "tags": {"amenity": "waste_basket"}, "district": "Grzegórzki", "address": "okolice ul. Aleksandra Lubomirskiego"}}, {"type": "Feature", "geometry": {"type": "Point", "coordinates": [19.9600937, 50.065764]}, "properties": {"osm_id": "node/6877144403", "tags": {"amenity": "waste_basket", "check_date": "2023-10-30", "waste": "trash"}, "district": "Grzegórzki", "address": "okolice: Rondo Mogilskie 02"}}, {"type": "Feature", "geometry": {"type": "Point", "coordinates": [19.9479338, 50.0648548]}, "properties": {"osm_id": "node/13605693468", "tags": {"amenity": "waste_basket"}, "district": "Grzegórzki", "address": "okolice ul. Lubicz"}}, {"type": "Feature", "geometry": {"type": "Point", "coordinates": [19.9498089, 50.065264]}, "properties": {"osm_id": "node/12563763872", "tags": {"amenity": "waste_basket"}, "district": "Grzegórzki", "address": "okolice ul. Lubicz"}}, {"type": "Feature", "geometry": {"type": "Point", "coordinates": [19.9515317, 50.0577559]}, "properties": {"osm_id": "node/13200196318", "tags": {"amenity": "waste_basket"}, "district": "Grzegórzki", "address": "okolice al. Ignacego Daszyńskiego"}}, {"type": "Feature", "geometry": {"type": "Point", "coordinates": [19.976357, 50.058847]}, "properties": {"osm_id": "node/13929975906", "tags": {"amenity": "waste_basket"}, "district": "Grzegórzki", "address": "okolice ul. Na Szaniec"}}, {"type": "Feature", "geometry": {"type": "Point", "coordinates": [19.958457, 50.0610558]}, "properties": {"osm_id": "node/11799649674", "tags": {"amenity": "waste_basket"}, "district": "Grzegórzki", "address": "okolice ul. Hetmana Stanisława Żółkiewskiego"}}, {"type": "Feature", "geometry": {"type": "Point", "coordinates": [19.9669368, 50.0587062]}, "properties": {"osm_id": "node/9770422319", "tags": {"amenity": "waste_basket", "survey:date": "2022-05-25"}, "district": "Grzegórzki", "address": "okolice ul. Stefana Bobrowskiego"}}, {"type": "Feature", "geometry": {"type": "Point", "coordinates": [19.9667545, 50.0547895]}, "properties": {"osm_id": "node/14109904401", "tags": {"amenity": "waste_basket"}, "district": "Grzegórzki", "address": null}}, {"type": "Feature", "geometry": {"type": "Point", "coordinates": [19.9668068, 50.0610703]}, "properties": {"osm_id": "node/5787316704", "tags": {"amenity": "waste_basket", "waste": "trash"}, "district": "Grzegórzki", "address": "okolice ul. Pułkownika Francesco Nullo"}}, {"type": "Feature", "geometry": {"type": "Point", "coordinates": [19.9661498, 50.0723629]}, "properties": {"osm_id": "node/13914481319", "tags": {"amenity": "waste_basket"}, "district": "Grzegórzki", "address": "okolice ul. Wilhelma Wilka-Wyrwińskiego"}}, {"type": "Feature", "geometry": {"type": "Point", "coordinates": [19.9574846, 50.057332]}, "properties": {"osm_id": "node/12580164319", "tags": {"amenity": "waste_basket"}, "district": "Grzegórzki", "address": "okolice ul. Grzegórzecka"}}, {"type": "Feature", "geometry": {"type": "Point", "coordinates": [19.9590931, 50.065149]}, "properties": {"osm_id": "node/1892992067", "tags": {"amenity": "waste_basket", "check_date": "2021-03-14"}, "district": "Grzegórzki", "address": "okolice: Rondo Mogilskie 03"}}, {"type": "Feature", "geometry": {"type": "Point", "coordinates": [19.9678697, 50.0716397]}, "properties": {"osm_id": "node/12185471676", "tags": {"amenity": "waste_basket"}, "district": "Grzegórzki", "address": "okolice ul. Lotnicza"}}, {"type": "Feature", "geometry": {"type": "Point", "coordinates": [19.9635862, 50.0558188]}, "properties": {"osm_id": "node/14080123246", "tags": {"amenity": "waste_basket"}, "district": "Grzegórzki", "address": null}}, {"type": "Feature", "geometry": {"type": "Point", "coordinates": [19.9606087, 50.0687284]}, "properties": {"osm_id": "node/13907794591", "tags": {"amenity": "waste_basket"}, "district": "Grzegórzki", "address": "okolice ul. Józefa Brodowicza"}}, {"type": "Feature", "geometry": {"type": "Point", "coordinates": [19.9641912, 50.0631091]}, "properties": {"osm_id": "node/8118812659", "tags": {"amenity": "waste_basket"}, "district": "Grzegórzki", "address": "okolice ul. Sądowa"}}, {"type": "Feature", "geometry": {"type": "Point", "coordinates": [19.9517217, 50.0659479]}, "properties": {"osm_id": "node/14158178839", "tags": {"amenity": "waste_basket"}, "district": "Grzegórzki", "address": "okolice ul. Rakowicka"}}, {"type": "Feature", "geometry": {"type": "Point", "coordinates": [19.9685316, 50.0599435]}, "properties": {"osm_id": "node/9770423218", "tags": {"amenity": "waste_basket", "survey:date": "2022-05-25"}, "district": "Grzegórzki", "address": "okolice al. Pokoju"}}, {"type": "Feature", "geometry": {"type": "Point", "coordinates": [19.9523267, 50.0677655]}, "properties": {"osm_id": "node/14183593444", "tags": {"amenity": "waste_basket"}, "district": "Grzegórzki", "address": "okolice ul. Rakowicka"}}, {"type": "Feature", "geometry": {"type": "Point", "coordinates": [19.9725639, 50.0602375]}, "properties": {"osm_id": "node/5787333804", "tags": {"amenity": "waste_basket", "check_date": "2021-05-24", "waste": "trash"}, "district": "Grzegórzki", "address": "okolice al. Pokoju"}}, {"type": "Feature", "geometry": {"type": "Point", "coordinates": [19.9617757, 50.0624553]}, "properties": {"osm_id": "node/11606625068", "tags": {"amenity": "waste_basket", "waste": "trash"}, "district": "Grzegórzki", "address": "okolice ul. Przy Rondzie"}}]}